Date,Chaîne,Programme,Genre,Heure,Durée,Jour semaine,Audience,Feature,Vacances scolaires,Jour férié,Météo,Concurrence sur autres chaînes,Présence d'un match de foot,Nombre d'épisodes déjà diffusés,Réseaux sociaux,Type de programme,Part d'audience,Position,Article URL,Date publication,Article publié le lendemain,Titre article,Programme URL,Source
2026-06-07,TF1,Chasse gardée,Film,1ère partie de soirée,,Dimanche,4429000,"Leader, Carton",Non,Non,,France 2 - Mourir peut attendre (2 084 000) | France 3 - Vanina : Meurtres en Sicile (2 222 000) | M6 - Capital (1 232 000) | France 5 - La fabrique du mensonge (896 000) | Arte - Capitaine Phillips (597 000),Non,,,Fiction,"31,0 %",1,https://tvmag.lefigaro.fr/programme-tv/audiences-tv/audiences-didier-bourdon-ecrase-daniel-craig-avec-chasse-gardee-sur-tf1-20260608,2026-06-08,Oui,Audiences : Didier Bourdon écrase Daniel Craig avec Chasse gardée sur TF1,https://tvmag.lefigaro.fr/programme-tv/programme/chasse-gardee-f1701871930,fig-tv-audience table
2026-06-07,France 2,Mourir peut attendre,Film,1ère partie de soirée,,Dimanche,2084000,Rediffusion,Non,Non,,TF1 - Chasse gardée (4 429 000) | France 3 - Vanina : Meurtres en Sicile (2 222 000) | M6 - Capital (1 232 000) | France 5 - La fabrique du mensonge (896 000) | Arte - Capitaine Phillips (597 000),Non,,,Fiction,"16,5 %",2,https://tvmag.lefigaro.fr/programme-tv/audiences-tv/audiences-didier-bourdon-ecrase-daniel-craig-avec-chasse-gardee-sur-tf1-20260608,2026-06-08,Oui,Audiences : Didier Bourdon écrase Daniel Craig avec Chasse gardée sur TF1,https://tvmag.lefigaro.fr/programme-tv/programme/mourir-peut-attendre-f54532738,fig-tv-audience table
2026-06-07,France 3,Vanina : Meurtres en Sicile,Série,1ère partie de soirée,,Dimanche,2222000,,Non,Non,,TF1 - Chasse gardée (4 429 000) | France 2 - Mourir peut attendre (2 084 000) | M6 - Capital (1 232 000) | France 5 - La fabrique du mensonge (896 000) | Arte - Capitaine Phillips (597 000),Non,,,Fiction,"15,7 %",3,https://tvmag.lefigaro.fr/programme-tv/audiences-tv/audiences-didier-bourdon-ecrase-daniel-craig-avec-chasse-gardee-sur-tf1-20260608,2026-06-08,Oui,Audiences : Didier Bourdon écrase Daniel Craig avec Chasse gardée sur TF1,https://tvmag.lefigaro.fr/programme-tv/programme/vanina-meurtres-en-sicile-f1485539812,fig-tv-audience table
2026-06-07,M6,Capital,Magazine,1ère partie de soirée,,Dimanche,1232000,,Non,Non,,TF1 - Chasse gardée (4 429 000) | France 2 - Mourir peut attendre (2 084 000) | France 3 - Vanina : Meurtres en Sicile (2 222 000) | France 5 - La fabrique du mensonge (896 000) | Arte - Capitaine Phillips (597 000),Non,,,Documentaire / magazine,"9,0 %",4,https://tvmag.lefigaro.fr/programme-tv/audiences-tv/audiences-didier-bourdon-ecrase-daniel-craig-avec-chasse-gardee-sur-tf1-20260608,2026-06-08,Oui,Audiences : Didier Bourdon écrase Daniel Craig avec Chasse gardée sur TF1,https://tvmag.lefigaro.fr/programme-tv/programme/capital-f351324196,fig-tv-audience table
2026-06-07,France 5,La fabrique du mensonge,Documentaire,1ère partie de soirée,,Dimanche,896000,,Non,Non,,TF1 - Chasse gardée (4 429 000) | France 2 - Mourir peut attendre (2 084 000) | France 3 - Vanina : Meurtres en Sicile (2 222 000) | M6 - Capital (1 232 000) | Arte - Capitaine Phillips (597 000),Non,,,Documentaire / magazine,"6,0 %",5,https://tvmag.lefigaro.fr/programme-tv/audiences-tv/audiences-didier-bourdon-ecrase-daniel-craig-avec-chasse-gardee-sur-tf1-20260608,2026-06-08,Oui,Audiences : Didier Bourdon écrase Daniel Craig avec Chasse gardée sur TF1,https://tvmag.lefigaro.fr/programme-tv/programme/la-fabrique-du-mensonge-f1172715623,fig-tv-audience table
2026-06-07,Arte,Capitaine Phillips,Film,1ère partie de soirée,,Dimanche,597000,,Non,Non,,TF1 - Chasse gardée (4 429 000) | France 2 - Mourir peut attendre (2 084 000) | France 3 - Vanina : Meurtres en Sicile (2 222 000) | M6 - Capital (1 232 000) | France 5 - La fabrique du mensonge (896 000),Non,,,Fiction,"4,2 %",6,https://tvmag.lefigaro.fr/programme-tv/audiences-tv/audiences-didier-bourdon-ecrase-daniel-craig-avec-chasse-gardee-sur-tf1-20260608,2026-06-08,Oui,Audiences : Didier Bourdon écrase Daniel Craig avec Chasse gardée sur TF1,https://tvmag.lefigaro.fr/programme-tv/programme/capitaine-phillips-f1341862147,fig-tv-audience table
2026-06-07,TMC,Esprits criminels,Série,1ère partie de soirée,,Dimanche,454000,,Non,Non,,TF1 - Chasse gardée (4 429 000) | France 2 - Mourir peut attendre (2 084 000) | France 3 - Vanina : Meurtres en Sicile (2 222 000) | M6 - Capital (1 232 000) | France 5 - La fabrique du mensonge (896 000),Non,,,Fiction,"3,1 %",7,https://tvmag.lefigaro.fr/programme-tv/audiences-tv/audiences-didier-bourdon-ecrase-daniel-craig-avec-chasse-gardee-sur-tf1-20260608,2026-06-08,Oui,Audiences : Didier Bourdon écrase Daniel Craig avec Chasse gardée sur TF1,https://tvmag.lefigaro.fr/programme-tv/programme/esprits-criminels-f1773448988,fig-tv-audience table
2026-06-07,RMC Découverte,Faites entrer l'accusé,Magazine,1ère partie de soirée,,Dimanche,397000,,Non,Non,,TF1 - Chasse gardée (4 429 000) | France 2 - Mourir peut attendre (2 084 000) | France 3 - Vanina : Meurtres en Sicile (2 222 000) | M6 - Capital (1 232 000) | France 5 - La fabrique du mensonge (896 000),Non,,,Documentaire / magazine,"2,7 %",8,https://tvmag.lefigaro.fr/programme-tv/audiences-tv/audiences-didier-bourdon-ecrase-daniel-craig-avec-chasse-gardee-sur-tf1-20260608,2026-06-08,Oui,Audiences : Didier Bourdon écrase Daniel Craig avec Chasse gardée sur TF1,https://tvmag.lefigaro.fr/programme-tv/programme/faites-entrer-l-accuse-f984206271,fig-tv-audience table
2026-06-07,Gulli,MacGyver,Série,1ère partie de soirée,,Dimanche,369000,,Non,Non,,TF1 - Chasse gardée (4 429 000) | France 2 - Mourir peut attendre (2 084 000) | France 3 - Vanina : Meurtres en Sicile (2 222 000) | M6 - Capital (1 232 000) | France 5 - La fabrique du mensonge (896 000),Non,,,Fiction,"2,5 %",9,https://tvmag.lefigaro.fr/programme-tv/audiences-tv/audiences-didier-bourdon-ecrase-daniel-craig-avec-chasse-gardee-sur-tf1-20260608,2026-06-08,Oui,Audiences : Didier Bourdon écrase Daniel Craig avec Chasse gardée sur TF1,https://tvmag.lefigaro.fr/programme-tv/programme/macgyver-f1953323988,fig-tv-audience table
2026-06-07,W9,Beaux-parents,Film,1ère partie de soirée,,Dimanche,282000,,Non,Non,,TF1 - Chasse gardée (4 429 000) | France 2 - Mourir peut attendre (2 084 000) | France 3 - Vanina : Meurtres en Sicile (2 222 000) | M6 - Capital (1 232 000) | France 5 - La fabrique du mensonge (896 000),Non,,,Fiction,"1,9 %",10,https://tvmag.lefigaro.fr/programme-tv/audiences-tv/audiences-didier-bourdon-ecrase-daniel-craig-avec-chasse-gardee-sur-tf1-20260608,2026-06-08,Oui,Audiences : Didier Bourdon écrase Daniel Craig avec Chasse gardée sur TF1,https://tvmag.lefigaro.fr/programme-tv/programme/beaux-parents-f1520530139,fig-tv-audience table
2026-06-07,6ter,Batman v Superman : l'aube de la justice,Film,1ère partie de soirée,,Dimanche,226000,,Non,Non,,TF1 - Chasse gardée (4 429 000) | France 2 - Mourir peut attendre (2 084 000) | France 3 - Vanina : Meurtres en Sicile (2 222 000) | M6 - Capital (1 232 000) | France 5 - La fabrique du mensonge (896 000),Non,,,Fiction,"1,9 %",11,https://tvmag.lefigaro.fr/programme-tv/audiences-tv/audiences-didier-bourdon-ecrase-daniel-craig-avec-chasse-gardee-sur-tf1-20260608,2026-06-08,Oui,Audiences : Didier Bourdon écrase Daniel Craig avec Chasse gardée sur TF1,https://tvmag.lefigaro.fr/programme-tv/programme/batman-v-superman-l-aube-de-la-justice-f712343374,fig-tv-audience table
2026-06-07,TF1 Séries Films,La vengeance dans la peau,Film,1ère partie de soirée,,Dimanche,206000,,Non,Non,,TF1 - Chasse gardée (4 429 000) | France 2 - Mourir peut attendre (2 084 000) | France 3 - Vanina : Meurtres en Sicile (2 222 000) | M6 - Capital (1 232 000) | France 5 - La fabrique du mensonge (896 000),Non,,,Fiction,"1,4 %",12,https://tvmag.lefigaro.fr/programme-tv/audiences-tv/audiences-didier-bourdon-ecrase-daniel-craig-avec-chasse-gardee-sur-tf1-20260608,2026-06-08,Oui,Audiences : Didier Bourdon écrase Daniel Craig avec Chasse gardée sur TF1,https://tvmag.lefigaro.fr/programme-tv/programme/la-vengeance-dans-la-peau-f346960162,fig-tv-audience table
2026-06-07,TFX,Five,Film,1ère partie de soirée,,Dimanche,180000,,Non,Non,,TF1 - Chasse gardée (4 429 000) | France 2 - Mourir peut attendre (2 084 000) | France 3 - Vanina : Meurtres en Sicile (2 222 000) | M6 - Capital (1 232 000) | France 5 - La fabrique du mensonge (896 000),Non,,,Fiction,"1,3 %",13,https://tvmag.lefigaro.fr/programme-tv/audiences-tv/audiences-didier-bourdon-ecrase-daniel-craig-avec-chasse-gardee-sur-tf1-20260608,2026-06-08,Oui,Audiences : Didier Bourdon écrase Daniel Craig avec Chasse gardée sur TF1,https://tvmag.lefigaro.fr/programme-tv/programme/five-f1546056050,fig-tv-audience table
2026-06-07,RMC Story,Flic story,Film,1ère partie de soirée,,Dimanche,163000,,Non,Non,,TF1 - Chasse gardée (4 429 000) | France 2 - Mourir peut attendre (2 084 000) | France 3 - Vanina : Meurtres en Sicile (2 222 000) | M6 - Capital (1 232 000) | France 5 - La fabrique du mensonge (896 000),Non,,,Fiction,"1,1 %",14,https://tvmag.lefigaro.fr/programme-tv/audiences-tv/audiences-didier-bourdon-ecrase-daniel-craig-avec-chasse-gardee-sur-tf1-20260608,2026-06-08,Oui,Audiences : Didier Bourdon écrase Daniel Craig avec Chasse gardée sur TF1,https://tvmag.lefigaro.fr/programme-tv/programme/flic-story-f1423178554,fig-tv-audience table
2026-06-07,Chérie 25,L'affaire Epstein : la piste française,Documentaire,1ère partie de soirée,,Dimanche,162000,,Non,Non,,TF1 - Chasse gardée (4 429 000) | France 2 - Mourir peut attendre (2 084 000) | France 3 - Vanina : Meurtres en Sicile (2 222 000) | M6 - Capital (1 232 000) | France 5 - La fabrique du mensonge (896 000),Non,,,Documentaire / magazine,"1,1 %",15,https://tvmag.lefigaro.fr/programme-tv/audiences-tv/audiences-didier-bourdon-ecrase-daniel-craig-avec-chasse-gardee-sur-tf1-20260608,2026-06-08,Oui,Audiences : Didier Bourdon écrase Daniel Craig avec Chasse gardée sur TF1,https://tvmag.lefigaro.fr/programme-tv/programme/l-affaire-epstein-la-piste-francaise-f673115303,fig-tv-audience table
2026-06-07,CSTAR,S.W.A.T.,Série,1ère partie de soirée,,Dimanche,112000,,Non,Non,,TF1 - Chasse gardée (4 429 000) | France 2 - Mourir peut attendre (2 084 000) | France 3 - Vanina : Meurtres en Sicile (2 222 000) | M6 - Capital (1 232 000) | France 5 - La fabrique du mensonge (896 000),Non,,,Fiction,"0,7 %",16,https://tvmag.lefigaro.fr/programme-tv/audiences-tv/audiences-didier-bourdon-ecrase-daniel-craig-avec-chasse-gardee-sur-tf1-20260608,2026-06-08,Oui,Audiences : Didier Bourdon écrase Daniel Craig avec Chasse gardée sur TF1,https://tvmag.lefigaro.fr/programme-tv/programme/s-w-a-t-f1114383080,fig-tv-audience table
2026-06-06,France 3,Meurtres en Balagne,Série,1ère partie de soirée,,Samedi,4242000,,Non,Non,,"France 2 - Qui restera dans la lumière ? (1 539 000) | TF1 - Star Academy : le concert événement (1 383 000) | France 5 - Echappées belles (938 000) | M6 - NCIS (846 000) | Arte - Sagrada Familia, le rêve achevé de Gaudi (554 000)",Non,,,Fiction,"35,8 %",1,https://tvmag.lefigaro.fr/programme-tv/audiences-tv/audiences-flop-pour-star-academy-le-concert-evenement-sur-tf1-20260607,2026-06-07,Oui,Audiences : flop pour «Star Academy : le concert événement» sur TF1,https://tvmag.lefigaro.fr/programme-tv/programme/meurtres-en-balagne-f485753707,fig-tv-audience table
2026-06-06,France 2,Qui restera dans la lumière ?,Divertissement,1ère partie de soirée,,Samedi,1539000,,Non,Non,,"France 3 - Meurtres en Balagne (4 242 000) | TF1 - Star Academy : le concert événement (1 383 000) | France 5 - Echappées belles (938 000) | M6 - NCIS (846 000) | Arte - Sagrada Familia, le rêve achevé de Gaudi (554 000)",Non,,,Divertissement,"14,6 %",2,https://tvmag.lefigaro.fr/programme-tv/audiences-tv/audiences-flop-pour-star-academy-le-concert-evenement-sur-tf1-20260607,2026-06-07,Oui,Audiences : flop pour «Star Academy : le concert événement» sur TF1,https://tvmag.lefigaro.fr/programme-tv/programme/qui-restera-dans-la-lumiere-f1760290353,fig-tv-audience table
2026-06-06,TF1,Star Academy : le concert événement,Divertissement,1ère partie de soirée,,Samedi,1383000,Flop,Non,Non,,"France 3 - Meurtres en Balagne (4 242 000) | France 2 - Qui restera dans la lumière ? (1 539 000) | France 5 - Echappées belles (938 000) | M6 - NCIS (846 000) | Arte - Sagrada Familia, le rêve achevé de Gaudi (554 000)",Non,,,Divertissement,"11,9 %",3,https://tvmag.lefigaro.fr/programme-tv/audiences-tv/audiences-flop-pour-star-academy-le-concert-evenement-sur-tf1-20260607,2026-06-07,Oui,Audiences : flop pour «Star Academy : le concert événement» sur TF1,https://tvmag.lefigaro.fr/programme-tv/programme/star-academy-le-concert-evenement-f1697372421,fig-tv-audience table
2026-06-06,France 5,Echappées belles,Magazine,1ère partie de soirée,,Samedi,938000,,Non,Non,,"France 3 - Meurtres en Balagne (4 242 000) | France 2 - Qui restera dans la lumière ? (1 539 000) | TF1 - Star Academy : le concert événement (1 383 000) | M6 - NCIS (846 000) | Arte - Sagrada Familia, le rêve achevé de Gaudi (554 000)",Non,,,Documentaire / magazine,"7,9 %",4,https://tvmag.lefigaro.fr/programme-tv/audiences-tv/audiences-flop-pour-star-academy-le-concert-evenement-sur-tf1-20260607,2026-06-07,Oui,Audiences : flop pour «Star Academy : le concert événement» sur TF1,https://tvmag.lefigaro.fr/programme-tv/programme/echappees-belles-f665984959,fig-tv-audience table
2026-06-06,M6,NCIS,Série,1ère partie de soirée,,Samedi,846000,,Non,Non,,"France 3 - Meurtres en Balagne (4 242 000) | France 2 - Qui restera dans la lumière ? (1 539 000) | TF1 - Star Academy : le concert événement (1 383 000) | France 5 - Echappées belles (938 000) | Arte - Sagrada Familia, le rêve achevé de Gaudi (554 000)",Non,,,Fiction,"7,0 %",5,https://tvmag.lefigaro.fr/programme-tv/audiences-tv/audiences-flop-pour-star-academy-le-concert-evenement-sur-tf1-20260607,2026-06-07,Oui,Audiences : flop pour «Star Academy : le concert événement» sur TF1,https://tvmag.lefigaro.fr/programme-tv/programme/ncis-f254880757,fig-tv-audience table
2026-06-06,Arte,"Sagrada Familia, le rêve achevé de Gaudi",Documentaire,1ère partie de soirée,,Samedi,554000,,Non,Non,,France 3 - Meurtres en Balagne (4 242 000) | France 2 - Qui restera dans la lumière ? (1 539 000) | TF1 - Star Academy : le concert événement (1 383 000) | France 5 - Echappées belles (938 000) | M6 - NCIS (846 000),Non,,,Documentaire / magazine,"4,6 %",6,https://tvmag.lefigaro.fr/programme-tv/audiences-tv/audiences-flop-pour-star-academy-le-concert-evenement-sur-tf1-20260607,2026-06-07,Oui,Audiences : flop pour «Star Academy : le concert événement» sur TF1,https://tvmag.lefigaro.fr/programme-tv/programme/sagrada-familia-le-reve-acheve-de-gaudi-f2007095148,fig-tv-audience table
2026-06-06,W9,La petite histoire de France,Documentaire,1ère partie de soirée,,Samedi,362000,,Non,Non,,France 3 - Meurtres en Balagne (4 242 000) | France 2 - Qui restera dans la lumière ? (1 539 000) | TF1 - Star Academy : le concert événement (1 383 000) | France 5 - Echappées belles (938 000) | M6 - NCIS (846 000),Non,,,Documentaire / magazine,"3,1 %",7,https://tvmag.lefigaro.fr/programme-tv/audiences-tv/audiences-flop-pour-star-academy-le-concert-evenement-sur-tf1-20260607,2026-06-07,Oui,Audiences : flop pour «Star Academy : le concert événement» sur TF1,https://tvmag.lefigaro.fr/programme-tv/programme/la-petite-histoire-de-france-f866709550,fig-tv-audience table
2026-06-06,6ter,The Truman Show,Film,1ère partie de soirée,,Samedi,297000,,Non,Non,,France 3 - Meurtres en Balagne (4 242 000) | France 2 - Qui restera dans la lumière ? (1 539 000) | TF1 - Star Academy : le concert événement (1 383 000) | France 5 - Echappées belles (938 000) | M6 - NCIS (846 000),Non,,,Fiction,"2,6 %",8,https://tvmag.lefigaro.fr/programme-tv/audiences-tv/audiences-flop-pour-star-academy-le-concert-evenement-sur-tf1-20260607,2026-06-07,Oui,Audiences : flop pour «Star Academy : le concert événement» sur TF1,https://tvmag.lefigaro.fr/programme-tv/programme/the-truman-show-f1441606155,fig-tv-audience table
2026-06-06,CSTAR,Rugby : Top 14,Sport,1ère partie de soirée,,Samedi,269000,,Non,Non,,France 3 - Meurtres en Balagne (4 242 000) | France 2 - Qui restera dans la lumière ? (1 539 000) | TF1 - Star Academy : le concert événement (1 383 000) | France 5 - Echappées belles (938 000) | M6 - NCIS (846 000),Non,,,Sport,"2,4 %",9,https://tvmag.lefigaro.fr/programme-tv/audiences-tv/audiences-flop-pour-star-academy-le-concert-evenement-sur-tf1-20260607,2026-06-07,Oui,Audiences : flop pour «Star Academy : le concert événement» sur TF1,https://tvmag.lefigaro.fr/programme-tv/programme/rugby-top-14-f304447739,fig-tv-audience table
2026-06-06,TFX,Chroniques criminelles,Magazine,1ère partie de soirée,,Samedi,243000,,Non,Non,,France 3 - Meurtres en Balagne (4 242 000) | France 2 - Qui restera dans la lumière ? (1 539 000) | TF1 - Star Academy : le concert événement (1 383 000) | France 5 - Echappées belles (938 000) | M6 - NCIS (846 000),Non,,,Documentaire / magazine,"2,1 %",10,https://tvmag.lefigaro.fr/programme-tv/audiences-tv/audiences-flop-pour-star-academy-le-concert-evenement-sur-tf1-20260607,2026-06-07,Oui,Audiences : flop pour «Star Academy : le concert événement» sur TF1,https://tvmag.lefigaro.fr/programme-tv/programme/chroniques-criminelles-f1604827225,fig-tv-audience table
2026-06-06,RMC Découverte,Le mystère d'Oak Island,Documentaire,1ère partie de soirée,,Samedi,246000,,Non,Non,,France 3 - Meurtres en Balagne (4 242 000) | France 2 - Qui restera dans la lumière ? (1 539 000) | TF1 - Star Academy : le concert événement (1 383 000) | France 5 - Echappées belles (938 000) | M6 - NCIS (846 000),Non,,,Documentaire / magazine,"2,0 %",11,https://tvmag.lefigaro.fr/programme-tv/audiences-tv/audiences-flop-pour-star-academy-le-concert-evenement-sur-tf1-20260607,2026-06-07,Oui,Audiences : flop pour «Star Academy : le concert événement» sur TF1,https://tvmag.lefigaro.fr/programme-tv/programme/le-mystere-d-oak-island-f885204374,fig-tv-audience table
2026-06-06,TMC,New York Unité Spéciale,Série,1ère partie de soirée,,Samedi,215000,,Non,Non,,France 3 - Meurtres en Balagne (4 242 000) | France 2 - Qui restera dans la lumière ? (1 539 000) | TF1 - Star Academy : le concert événement (1 383 000) | France 5 - Echappées belles (938 000) | M6 - NCIS (846 000),Non,,,Fiction,"1,7 %",12,https://tvmag.lefigaro.fr/programme-tv/audiences-tv/audiences-flop-pour-star-academy-le-concert-evenement-sur-tf1-20260607,2026-06-07,Oui,Audiences : flop pour «Star Academy : le concert événement» sur TF1,https://tvmag.lefigaro.fr/programme-tv/programme/new-york-unite-speciale-f2080882447,fig-tv-audience table
2026-06-06,TF1 Séries Films,"Joséphine, ange gardien",Série,1ère partie de soirée,,Samedi,209000,,Non,Non,,France 3 - Meurtres en Balagne (4 242 000) | France 2 - Qui restera dans la lumière ? (1 539 000) | TF1 - Star Academy : le concert événement (1 383 000) | France 5 - Echappées belles (938 000) | M6 - NCIS (846 000),Non,,,Fiction,"1,7 %",13,https://tvmag.lefigaro.fr/programme-tv/audiences-tv/audiences-flop-pour-star-academy-le-concert-evenement-sur-tf1-20260607,2026-06-07,Oui,Audiences : flop pour «Star Academy : le concert événement» sur TF1,https://tvmag.lefigaro.fr/programme-tv/programme/josephine-ange-gardien-f110413250,fig-tv-audience table
2026-06-06,Gulli,99 à battre,Divertissement,1ère partie de soirée,,Samedi,109000,,Non,Non,,France 3 - Meurtres en Balagne (4 242 000) | France 2 - Qui restera dans la lumière ? (1 539 000) | TF1 - Star Academy : le concert événement (1 383 000) | France 5 - Echappées belles (938 000) | M6 - NCIS (846 000),Non,,,Divertissement,"0,9 %",14,https://tvmag.lefigaro.fr/programme-tv/audiences-tv/audiences-flop-pour-star-academy-le-concert-evenement-sur-tf1-20260607,2026-06-07,Oui,Audiences : flop pour «Star Academy : le concert événement» sur TF1,https://tvmag.lefigaro.fr/programme-tv/programme/99-a-battre-f482873219,fig-tv-audience table
2026-06-06,RMC Story,Big Bang Theory,Série,1ère partie de soirée,,Samedi,101000,,Non,Non,,France 3 - Meurtres en Balagne (4 242 000) | France 2 - Qui restera dans la lumière ? (1 539 000) | TF1 - Star Academy : le concert événement (1 383 000) | France 5 - Echappées belles (938 000) | M6 - NCIS (846 000),Non,,,Fiction,"0,9 %",15,https://tvmag.lefigaro.fr/programme-tv/audiences-tv/audiences-flop-pour-star-academy-le-concert-evenement-sur-tf1-20260607,2026-06-07,Oui,Audiences : flop pour «Star Academy : le concert événement» sur TF1,https://tvmag.lefigaro.fr/programme-tv/programme/big-bang-theory-f227895004,fig-tv-audience table
2026-06-06,Chérie 25,La folle histoire de Nutella,Documentaire,1ère partie de soirée,,Samedi,86000,,Non,Non,,France 3 - Meurtres en Balagne (4 242 000) | France 2 - Qui restera dans la lumière ? (1 539 000) | TF1 - Star Academy : le concert événement (1 383 000) | France 5 - Echappées belles (938 000) | M6 - NCIS (846 000),Non,,,Documentaire / magazine,"0,7 %",16,https://tvmag.lefigaro.fr/programme-tv/audiences-tv/audiences-flop-pour-star-academy-le-concert-evenement-sur-tf1-20260607,2026-06-07,Oui,Audiences : flop pour «Star Academy : le concert événement» sur TF1,https://tvmag.lefigaro.fr/programme-tv/programme/la-folle-histoire-de-nutella-f1144830108,fig-tv-audience table
2026-06-05,France 2,Haute saison,Série,1ère partie de soirée,,Vendredi,3254000,"Carton, Inédit",Non,Non,,TF1 - Mask Singer (2 398 000) | M6 - Arnaques ! (1 438 000) | France 5 - Persepolis (769 000) | Arte - Meurtres à Sandhamn (655 000) | TMC - Didier (509 000),Non,Épisode 3,,Fiction,"26,2 %",1,https://tvmag.lefigaro.fr/programme-tv/audiences-tv/audiences-carton-pour-la-serie-haute-saison-sur-france-2-20260606,2026-06-06,Oui,Audiences : carton pour la série Haute Saison sur France 2,https://tvmag.lefigaro.fr/programme-tv/programme/haute-saison-f1691368580,fig-tv-audience table
2026-06-05,TF1,Mask Singer,Divertissement,1ère partie de soirée,,Vendredi,2398000,,Non,Non,,France 2 - Haute saison (3 254 000) | M6 - Arnaques ! (1 438 000) | France 5 - Persepolis (769 000) | Arte - Meurtres à Sandhamn (655 000) | TMC - Didier (509 000),Non,,,Divertissement,"19,5 %",2,https://tvmag.lefigaro.fr/programme-tv/audiences-tv/audiences-carton-pour-la-serie-haute-saison-sur-france-2-20260606,2026-06-06,Oui,Audiences : carton pour la série Haute Saison sur France 2,https://tvmag.lefigaro.fr/programme-tv/programme/mask-singer-f105858265,fig-tv-audience table
2026-06-05,M6,Arnaques !,Série,1ère partie de soirée,,Vendredi,1438000,Inédit,Non,Non,,France 2 - Haute saison (3 254 000) | TF1 - Mask Singer (2 398 000) | France 5 - Persepolis (769 000) | Arte - Meurtres à Sandhamn (655 000) | TMC - Didier (509 000),Non,,,Fiction,"11,6 %",3,https://tvmag.lefigaro.fr/programme-tv/audiences-tv/audiences-carton-pour-la-serie-haute-saison-sur-france-2-20260606,2026-06-06,Oui,Audiences : carton pour la série Haute Saison sur France 2,https://tvmag.lefigaro.fr/programme-tv/programme/arnaques-f1298469597,fig-tv-audience table
2026-06-05,France 5,Persepolis,Film,1ère partie de soirée,,Vendredi,769000,,Non,Non,,France 2 - Haute saison (3 254 000) | TF1 - Mask Singer (2 398 000) | M6 - Arnaques ! (1 438 000) | Arte - Meurtres à Sandhamn (655 000) | TMC - Didier (509 000),Non,,,Fiction,"6,5 %",4,https://tvmag.lefigaro.fr/programme-tv/audiences-tv/audiences-carton-pour-la-serie-haute-saison-sur-france-2-20260606,2026-06-06,Oui,Audiences : carton pour la série Haute Saison sur France 2,https://tvmag.lefigaro.fr/programme-tv/programme/persepolis-f1145860561,fig-tv-audience table
2026-06-05,Arte,Meurtres à Sandhamn,Série,1ère partie de soirée,,Vendredi,655000,,Non,Non,,France 2 - Haute saison (3 254 000) | TF1 - Mask Singer (2 398 000) | M6 - Arnaques ! (1 438 000) | France 5 - Persepolis (769 000) | TMC - Didier (509 000),Non,,,Fiction,"5,4 %",5,https://tvmag.lefigaro.fr/programme-tv/audiences-tv/audiences-carton-pour-la-serie-haute-saison-sur-france-2-20260606,2026-06-06,Oui,Audiences : carton pour la série Haute Saison sur France 2,https://tvmag.lefigaro.fr/programme-tv/programme/meurtres-a-sandhamn-f319689059,fig-tv-audience table
2026-06-05,TMC,Didier,Film,1ère partie de soirée,,Vendredi,509000,,Non,Non,,France 2 - Haute saison (3 254 000) | TF1 - Mask Singer (2 398 000) | M6 - Arnaques ! (1 438 000) | France 5 - Persepolis (769 000) | Arte - Meurtres à Sandhamn (655 000),Non,,,Fiction,"4,7 %",6,https://tvmag.lefigaro.fr/programme-tv/audiences-tv/audiences-carton-pour-la-serie-haute-saison-sur-france-2-20260606,2026-06-06,Oui,Audiences : carton pour la série Haute Saison sur France 2,https://tvmag.lefigaro.fr/programme-tv/programme/didier-f716666238,fig-tv-audience table
2026-06-05,France 3,La carte aux trésors,Magazine,1ère partie de soirée,,Vendredi,500000,,Non,Non,,France 2 - Haute saison (3 254 000) | TF1 - Mask Singer (2 398 000) | M6 - Arnaques ! (1 438 000) | France 5 - Persepolis (769 000) | Arte - Meurtres à Sandhamn (655 000),Non,,,Documentaire / magazine,"4,5 %",7,https://tvmag.lefigaro.fr/programme-tv/audiences-tv/audiences-carton-pour-la-serie-haute-saison-sur-france-2-20260606,2026-06-06,Oui,Audiences : carton pour la série Haute Saison sur France 2,https://tvmag.lefigaro.fr/programme-tv/programme/la-carte-aux-tresors-f548830195,fig-tv-audience table
2026-06-05,TF1 Séries Films,New York Unité Spéciale,Série,1ère partie de soirée,,Vendredi,509000,,Non,Non,,France 2 - Haute saison (3 254 000) | TF1 - Mask Singer (2 398 000) | M6 - Arnaques ! (1 438 000) | France 5 - Persepolis (769 000) | Arte - Meurtres à Sandhamn (655 000),Non,,,Fiction,"4,1 %",8,https://tvmag.lefigaro.fr/programme-tv/audiences-tv/audiences-carton-pour-la-serie-haute-saison-sur-france-2-20260606,2026-06-06,Oui,Audiences : carton pour la série Haute Saison sur France 2,https://tvmag.lefigaro.fr/programme-tv/programme/new-york-unite-speciale-f2097772863,fig-tv-audience table
2026-06-05,TFX,Premières vacances,Film,1ère partie de soirée,,Vendredi,390000,,Non,Non,,France 2 - Haute saison (3 254 000) | TF1 - Mask Singer (2 398 000) | M6 - Arnaques ! (1 438 000) | France 5 - Persepolis (769 000) | Arte - Meurtres à Sandhamn (655 000),Non,,,Fiction,"3,4 %",9,https://tvmag.lefigaro.fr/programme-tv/audiences-tv/audiences-carton-pour-la-serie-haute-saison-sur-france-2-20260606,2026-06-06,Oui,Audiences : carton pour la série Haute Saison sur France 2,https://tvmag.lefigaro.fr/programme-tv/programme/premieres-vacances-f207399376,fig-tv-audience table
2026-06-05,W9,Enquête d'action,Magazine,1ère partie de soirée,,Vendredi,392000,,Non,Non,,France 2 - Haute saison (3 254 000) | TF1 - Mask Singer (2 398 000) | M6 - Arnaques ! (1 438 000) | France 5 - Persepolis (769 000) | Arte - Meurtres à Sandhamn (655 000),Non,,,Documentaire / magazine,"3,3 %",10,https://tvmag.lefigaro.fr/programme-tv/audiences-tv/audiences-carton-pour-la-serie-haute-saison-sur-france-2-20260606,2026-06-06,Oui,Audiences : carton pour la série Haute Saison sur France 2,https://tvmag.lefigaro.fr/programme-tv/programme/enquete-d-action-f339797501,fig-tv-audience table
2026-06-05,Chérie 25,"Beauval, au plus près des animaux",Documentaire,1ère partie de soirée,,Vendredi,294000,,Non,Non,,France 2 - Haute saison (3 254 000) | TF1 - Mask Singer (2 398 000) | M6 - Arnaques ! (1 438 000) | France 5 - Persepolis (769 000) | Arte - Meurtres à Sandhamn (655 000),Non,,,Documentaire / magazine,"2,4 %",11,https://tvmag.lefigaro.fr/programme-tv/audiences-tv/audiences-carton-pour-la-serie-haute-saison-sur-france-2-20260606,2026-06-06,Oui,Audiences : carton pour la série Haute Saison sur France 2,https://tvmag.lefigaro.fr/programme-tv/programme/beauval-au-plus-pres-des-animaux-f1215711679,fig-tv-audience table
2026-06-05,RMC Découverte,Baroudeurs,Documentaire,1ère partie de soirée,,Vendredi,230000,,Non,Non,,France 2 - Haute saison (3 254 000) | TF1 - Mask Singer (2 398 000) | M6 - Arnaques ! (1 438 000) | France 5 - Persepolis (769 000) | Arte - Meurtres à Sandhamn (655 000),Non,,,Documentaire / magazine,"1,9 %",12,https://tvmag.lefigaro.fr/programme-tv/audiences-tv/audiences-carton-pour-la-serie-haute-saison-sur-france-2-20260606,2026-06-06,Oui,Audiences : carton pour la série Haute Saison sur France 2,https://tvmag.lefigaro.fr/programme-tv/programme/baroudeurs-f275841880,fig-tv-audience table
2026-06-05,6ter,Hawaii 5-0,Série,1ère partie de soirée,,Vendredi,223000,,Non,Non,,France 2 - Haute saison (3 254 000) | TF1 - Mask Singer (2 398 000) | M6 - Arnaques ! (1 438 000) | France 5 - Persepolis (769 000) | Arte - Meurtres à Sandhamn (655 000),Non,,,Fiction,"1,8 %",13,https://tvmag.lefigaro.fr/programme-tv/audiences-tv/audiences-carton-pour-la-serie-haute-saison-sur-france-2-20260606,2026-06-06,Oui,Audiences : carton pour la série Haute Saison sur France 2,https://tvmag.lefigaro.fr/programme-tv/programme/hawaii-5-0-f889510642,fig-tv-audience table
2026-06-05,RMC Story,"Le Bigdil, le retour évènement",Divertissement,1ère partie de soirée,,Vendredi,214000,,Non,Non,,France 2 - Haute saison (3 254 000) | TF1 - Mask Singer (2 398 000) | M6 - Arnaques ! (1 438 000) | France 5 - Persepolis (769 000) | Arte - Meurtres à Sandhamn (655 000),Non,,,Divertissement,"1,8 %",14,https://tvmag.lefigaro.fr/programme-tv/audiences-tv/audiences-carton-pour-la-serie-haute-saison-sur-france-2-20260606,2026-06-06,Oui,Audiences : carton pour la série Haute Saison sur France 2,https://tvmag.lefigaro.fr/programme-tv/programme/le-bigdil-le-retour-evenement-f1781239512,fig-tv-audience table
2026-06-05,CSTAR,Les bals populaires,Documentaire,1ère partie de soirée,,Vendredi,187000,,Non,Non,,France 2 - Haute saison (3 254 000) | TF1 - Mask Singer (2 398 000) | M6 - Arnaques ! (1 438 000) | France 5 - Persepolis (769 000) | Arte - Meurtres à Sandhamn (655 000),Non,,,Documentaire / magazine,"1,5 %",15,https://tvmag.lefigaro.fr/programme-tv/audiences-tv/audiences-carton-pour-la-serie-haute-saison-sur-france-2-20260606,2026-06-06,Oui,Audiences : carton pour la série Haute Saison sur France 2,https://tvmag.lefigaro.fr/programme-tv/programme/les-bals-populaires-f130646764,fig-tv-audience table
2026-06-05,Gulli,Ninja Turtles : Teenage Years,Film,1ère partie de soirée,,Vendredi,162000,,Non,Non,,France 2 - Haute saison (3 254 000) | TF1 - Mask Singer (2 398 000) | M6 - Arnaques ! (1 438 000) | France 5 - Persepolis (769 000) | Arte - Meurtres à Sandhamn (655 000),Non,,,Fiction,"1,4 %",16,https://tvmag.lefigaro.fr/programme-tv/audiences-tv/audiences-carton-pour-la-serie-haute-saison-sur-france-2-20260606,2026-06-06,Oui,Audiences : carton pour la série Haute Saison sur France 2,https://tvmag.lefigaro.fr/programme-tv/programme/ninja-turtles-teenage-years-f180388002,fig-tv-audience table
2026-06-04,TF1,Football : Match amical international,Sport,1ère partie de soirée,,Jeudi,5203000,Match de foot,Non,Non,,France 3 - Le mort de la plage (2 920 000) | France 2 - Envoyé spécial (1 234 000) | M6 - Champagne ! (1 049 000) | TMC - Radin ! (540 000) | Arte - Happy Valley (577 000),Oui,,,Sport,"38,5 %",1,https://tvmag.lefigaro.fr/programme-tv/audiences-tv/audiences-carton-pour-tf1-avec-la-defaite-de-la-france-face-a-la-cote-d-ivoire-20260605,2026-06-05,Oui,Audiences : carton pour TF1 avec la défaite de la France face à la Côte d’Ivoire,https://tvmag.lefigaro.fr/programme-tv/programme/football-match-amical-international-f592329926,fig-tv-audience table
2026-06-04,France 3,Le mort de la plage,Film,1ère partie de soirée,,Jeudi,2920000,"Rediffusion, Match de foot",Non,Non,,TF1 - Football : Match amical international (5 203 000) | France 2 - Envoyé spécial (1 234 000) | M6 - Champagne ! (1 049 000) | TMC - Radin ! (540 000) | Arte - Happy Valley (577 000),Oui,,,Fiction,"20,4 %",2,https://tvmag.lefigaro.fr/programme-tv/audiences-tv/audiences-carton-pour-tf1-avec-la-defaite-de-la-france-face-a-la-cote-d-ivoire-20260605,2026-06-05,Oui,Audiences : carton pour TF1 avec la défaite de la France face à la Côte d’Ivoire,https://tvmag.lefigaro.fr/programme-tv/programme/le-mort-de-la-plage-f1090550204,fig-tv-audience table
2026-06-04,France 2,Envoyé spécial,Magazine,1ère partie de soirée,,Jeudi,1234000,Match de foot,Non,Non,,TF1 - Football : Match amical international (5 203 000) | France 3 - Le mort de la plage (2 920 000) | M6 - Champagne ! (1 049 000) | TMC - Radin ! (540 000) | Arte - Happy Valley (577 000),Oui,,,Documentaire / magazine,"8,9 %",3,https://tvmag.lefigaro.fr/programme-tv/audiences-tv/audiences-carton-pour-tf1-avec-la-defaite-de-la-france-face-a-la-cote-d-ivoire-20260605,2026-06-05,Oui,Audiences : carton pour TF1 avec la défaite de la France face à la Côte d’Ivoire,https://tvmag.lefigaro.fr/programme-tv/programme/envoye-special-f67983644,fig-tv-audience table
2026-06-04,M6,Champagne !,Film,1ère partie de soirée,,Jeudi,1049000,"Rediffusion, Match de foot",Non,Non,,TF1 - Football : Match amical international (5 203 000) | France 3 - Le mort de la plage (2 920 000) | France 2 - Envoyé spécial (1 234 000) | TMC - Radin ! (540 000) | Arte - Happy Valley (577 000),Oui,,,Fiction,"7,7 %",4,https://tvmag.lefigaro.fr/programme-tv/audiences-tv/audiences-carton-pour-tf1-avec-la-defaite-de-la-france-face-a-la-cote-d-ivoire-20260605,2026-06-05,Oui,Audiences : carton pour TF1 avec la défaite de la France face à la Côte d’Ivoire,https://tvmag.lefigaro.fr/programme-tv/programme/champagne-f369415376,fig-tv-audience table
2026-06-04,TMC,Radin !,Film,1ère partie de soirée,,Jeudi,540000,"Rediffusion, Match de foot",Non,Non,,TF1 - Football : Match amical international (5 203 000) | France 3 - Le mort de la plage (2 920 000) | France 2 - Envoyé spécial (1 234 000) | M6 - Champagne ! (1 049 000) | Arte - Happy Valley (577 000),Oui,,,Fiction,"4,1 %",5,https://tvmag.lefigaro.fr/programme-tv/audiences-tv/audiences-carton-pour-tf1-avec-la-defaite-de-la-france-face-a-la-cote-d-ivoire-20260605,2026-06-05,Oui,Audiences : carton pour TF1 avec la défaite de la France face à la Côte d’Ivoire,https://tvmag.lefigaro.fr/programme-tv/programme/radin-f331619379,fig-tv-audience table
2026-06-04,Arte,Happy Valley,Série,1ère partie de soirée,,Jeudi,577000,Match de foot,Non,Non,,TF1 - Football : Match amical international (5 203 000) | France 3 - Le mort de la plage (2 920 000) | France 2 - Envoyé spécial (1 234 000) | M6 - Champagne ! (1 049 000) | TMC - Radin ! (540 000),Oui,,,Fiction,"3,8 %",6,https://tvmag.lefigaro.fr/programme-tv/audiences-tv/audiences-carton-pour-tf1-avec-la-defaite-de-la-france-face-a-la-cote-d-ivoire-20260605,2026-06-05,Oui,Audiences : carton pour TF1 avec la défaite de la France face à la Côte d’Ivoire,https://tvmag.lefigaro.fr/programme-tv/programme/happy-valley-f1937508175,fig-tv-audience table
2026-06-04,W9,Y'a que la vérité qui compte,Divertissement,1ère partie de soirée,,Jeudi,484000,Match de foot,Non,Non,,TF1 - Football : Match amical international (5 203 000) | France 3 - Le mort de la plage (2 920 000) | France 2 - Envoyé spécial (1 234 000) | M6 - Champagne ! (1 049 000) | TMC - Radin ! (540 000),Oui,,,Divertissement,"3,3 %",7,https://tvmag.lefigaro.fr/programme-tv/audiences-tv/audiences-carton-pour-tf1-avec-la-defaite-de-la-france-face-a-la-cote-d-ivoire-20260605,2026-06-05,Oui,Audiences : carton pour TF1 avec la défaite de la France face à la Côte d’Ivoire,https://tvmag.lefigaro.fr/programme-tv/programme/y-a-que-la-verite-qui-compte-f681909292,fig-tv-audience table
2026-06-04,France 5,L'histoire au scalpel,Documentaire,1ère partie de soirée,,Jeudi,488000,Match de foot,Non,Non,,TF1 - Football : Match amical international (5 203 000) | France 3 - Le mort de la plage (2 920 000) | France 2 - Envoyé spécial (1 234 000) | M6 - Champagne ! (1 049 000) | TMC - Radin ! (540 000),Oui,,,Documentaire / magazine,"3,2 %",8,https://tvmag.lefigaro.fr/programme-tv/audiences-tv/audiences-carton-pour-tf1-avec-la-defaite-de-la-france-face-a-la-cote-d-ivoire-20260605,2026-06-05,Oui,Audiences : carton pour TF1 avec la défaite de la France face à la Côte d’Ivoire,https://tvmag.lefigaro.fr/programme-tv/programme/l-histoire-au-scalpel-f881146538,fig-tv-audience table
2026-06-04,TF1 Séries Films,"New York, section criminelle",Série,1ère partie de soirée,,Jeudi,364000,Match de foot,Non,Non,,TF1 - Football : Match amical international (5 203 000) | France 3 - Le mort de la plage (2 920 000) | France 2 - Envoyé spécial (1 234 000) | M6 - Champagne ! (1 049 000) | TMC - Radin ! (540 000),Oui,,,Fiction,"2,4 %",9,https://tvmag.lefigaro.fr/programme-tv/audiences-tv/audiences-carton-pour-tf1-avec-la-defaite-de-la-france-face-a-la-cote-d-ivoire-20260605,2026-06-05,Oui,Audiences : carton pour TF1 avec la défaite de la France face à la Côte d’Ivoire,https://tvmag.lefigaro.fr/programme-tv/programme/new-york-section-criminelle-f1529815916,fig-tv-audience table
2026-06-04,CSTAR,Enquête sous haute tension,Magazine,1ère partie de soirée,,Jeudi,219000,Match de foot,Non,Non,,TF1 - Football : Match amical international (5 203 000) | France 3 - Le mort de la plage (2 920 000) | France 2 - Envoyé spécial (1 234 000) | M6 - Champagne ! (1 049 000) | TMC - Radin ! (540 000),Oui,,,Documentaire / magazine,"1,6 %",10,https://tvmag.lefigaro.fr/programme-tv/audiences-tv/audiences-carton-pour-tf1-avec-la-defaite-de-la-france-face-a-la-cote-d-ivoire-20260605,2026-06-05,Oui,Audiences : carton pour TF1 avec la défaite de la France face à la Côte d’Ivoire,https://tvmag.lefigaro.fr/programme-tv/programme/enquete-sous-haute-tension-f901449607,fig-tv-audience table
2026-06-04,RMC Story,La folie du camping-car : des vacances pas comme les autres,Documentaire,1ère partie de soirée,,Jeudi,224000,Match de foot,Non,Non,,TF1 - Football : Match amical international (5 203 000) | France 3 - Le mort de la plage (2 920 000) | France 2 - Envoyé spécial (1 234 000) | M6 - Champagne ! (1 049 000) | TMC - Radin ! (540 000),Oui,,,Documentaire / magazine,"1,5 %",11,https://tvmag.lefigaro.fr/programme-tv/audiences-tv/audiences-carton-pour-tf1-avec-la-defaite-de-la-france-face-a-la-cote-d-ivoire-20260605,2026-06-05,Oui,Audiences : carton pour TF1 avec la défaite de la France face à la Côte d’Ivoire,https://tvmag.lefigaro.fr/programme-tv/programme/la-folie-du-camping-car-des-vacances-pas-comme-les-autres-f1041876258,fig-tv-audience table
2026-06-04,6ter,Vive le camping,Documentaire,1ère partie de soirée,,Jeudi,148000,Match de foot,Non,Non,,TF1 - Football : Match amical international (5 203 000) | France 3 - Le mort de la plage (2 920 000) | France 2 - Envoyé spécial (1 234 000) | M6 - Champagne ! (1 049 000) | TMC - Radin ! (540 000),Oui,,,Documentaire / magazine,"1,1 %",12,https://tvmag.lefigaro.fr/programme-tv/audiences-tv/audiences-carton-pour-tf1-avec-la-defaite-de-la-france-face-a-la-cote-d-ivoire-20260605,2026-06-05,Oui,Audiences : carton pour TF1 avec la défaite de la France face à la Côte d’Ivoire,https://tvmag.lefigaro.fr/programme-tv/programme/vive-le-camping-f1771769395,fig-tv-audience table
2026-06-04,RMC Découverte,Constructions XXL,Documentaire,1ère partie de soirée,,Jeudi,169000,Match de foot,Non,Non,,TF1 - Football : Match amical international (5 203 000) | France 3 - Le mort de la plage (2 920 000) | France 2 - Envoyé spécial (1 234 000) | M6 - Champagne ! (1 049 000) | TMC - Radin ! (540 000),Oui,,,Documentaire / magazine,"1,1 %",13,https://tvmag.lefigaro.fr/programme-tv/audiences-tv/audiences-carton-pour-tf1-avec-la-defaite-de-la-france-face-a-la-cote-d-ivoire-20260605,2026-06-05,Oui,Audiences : carton pour TF1 avec la défaite de la France face à la Côte d’Ivoire,https://tvmag.lefigaro.fr/programme-tv/programme/constructions-xxl-f1478930341,fig-tv-audience table
2026-06-04,TFX,Baby boom,Divertissement,1ère partie de soirée,,Jeudi,130000,Match de foot,Non,Non,,TF1 - Football : Match amical international (5 203 000) | France 3 - Le mort de la plage (2 920 000) | France 2 - Envoyé spécial (1 234 000) | M6 - Champagne ! (1 049 000) | TMC - Radin ! (540 000),Oui,,,Divertissement,"0,9 %",14,https://tvmag.lefigaro.fr/programme-tv/audiences-tv/audiences-carton-pour-tf1-avec-la-defaite-de-la-france-face-a-la-cote-d-ivoire-20260605,2026-06-05,Oui,Audiences : carton pour TF1 avec la défaite de la France face à la Côte d’Ivoire,https://tvmag.lefigaro.fr/programme-tv/programme/baby-boom-f1215768384,fig-tv-audience table
2026-06-04,Chérie 25,Fringe,Série,1ère partie de soirée,,Jeudi,132000,Match de foot,Non,Non,,TF1 - Football : Match amical international (5 203 000) | France 3 - Le mort de la plage (2 920 000) | France 2 - Envoyé spécial (1 234 000) | M6 - Champagne ! (1 049 000) | TMC - Radin ! (540 000),Oui,,,Fiction,"0,9 %",15,https://tvmag.lefigaro.fr/programme-tv/audiences-tv/audiences-carton-pour-tf1-avec-la-defaite-de-la-france-face-a-la-cote-d-ivoire-20260605,2026-06-05,Oui,Audiences : carton pour TF1 avec la défaite de la France face à la Côte d’Ivoire,https://tvmag.lefigaro.fr/programme-tv/programme/fringe-f1217216414,fig-tv-audience table
2026-06-04,Gulli,Tous fous de concours insolites,Divertissement,1ère partie de soirée,,Jeudi,87000,Match de foot,Non,Non,,TF1 - Football : Match amical international (5 203 000) | France 3 - Le mort de la plage (2 920 000) | France 2 - Envoyé spécial (1 234 000) | M6 - Champagne ! (1 049 000) | TMC - Radin ! (540 000),Oui,,,Divertissement,"0,6 %",16,https://tvmag.lefigaro.fr/programme-tv/audiences-tv/audiences-carton-pour-tf1-avec-la-defaite-de-la-france-face-a-la-cote-d-ivoire-20260605,2026-06-05,Oui,Audiences : carton pour TF1 avec la défaite de la France face à la Côte d’Ivoire,https://tvmag.lefigaro.fr/programme-tv/programme/tous-fous-de-concours-insolites-f74619872,fig-tv-audience table
2026-06-03,France 2,L'or bleu,Série,1ère partie de soirée,,Mercredi,2574000,,Non,Non,,"TF1 - Grey's Anatomy (1 809 000) | M6 - Top chef (1 669 000) | France 3 - 1998, l'été de nos 18 ans (1 125 000) | TMC - Harry Potter et l'Ordre du Phénix (793 000) | CSTAR - Midway (704 000)",Non,,,Fiction,"19,6 %",1,https://tvmag.lefigaro.fr/programme-tv/audiences-tv/audiences-cstar-surprend-avec-le-film-midway-gulli-sombre-avec-58-000-telespectateurs-20260604,2026-06-04,Oui,"Audiences : CStar surprend avec le film Midway , Gulli sombre avec 58.000 téléspectateurs",https://tvmag.lefigaro.fr/programme-tv/programme/l-or-bleu-f1861670941,fig-tv-audience table
2026-06-03,TF1,Grey's Anatomy,Série,1ère partie de soirée,,Mercredi,1809000,,Non,Non,,"France 2 - L'or bleu (2 574 000) | M6 - Top chef (1 669 000) | France 3 - 1998, l'été de nos 18 ans (1 125 000) | TMC - Harry Potter et l'Ordre du Phénix (793 000) | CSTAR - Midway (704 000)",Non,,,Fiction,"13,8 %",2,https://tvmag.lefigaro.fr/programme-tv/audiences-tv/audiences-cstar-surprend-avec-le-film-midway-gulli-sombre-avec-58-000-telespectateurs-20260604,2026-06-04,Oui,"Audiences : CStar surprend avec le film Midway , Gulli sombre avec 58.000 téléspectateurs",https://tvmag.lefigaro.fr/programme-tv/programme/grey-s-anatomy-f834740882,fig-tv-audience table
2026-06-03,M6,Top chef,Divertissement,1ère partie de soirée,,Mercredi,1669000,,Non,Non,,"France 2 - L'or bleu (2 574 000) | TF1 - Grey's Anatomy (1 809 000) | France 3 - 1998, l'été de nos 18 ans (1 125 000) | TMC - Harry Potter et l'Ordre du Phénix (793 000) | CSTAR - Midway (704 000)",Non,,,Divertissement,"12,8 %",3,https://tvmag.lefigaro.fr/programme-tv/audiences-tv/audiences-cstar-surprend-avec-le-film-midway-gulli-sombre-avec-58-000-telespectateurs-20260604,2026-06-04,Oui,"Audiences : CStar surprend avec le film Midway , Gulli sombre avec 58.000 téléspectateurs",https://tvmag.lefigaro.fr/programme-tv/programme/top-chef-f699541945,fig-tv-audience table
2026-06-03,France 3,"1998, l'été de nos 18 ans",Film,1ère partie de soirée,,Mercredi,1125000,,Non,Non,,France 2 - L'or bleu (2 574 000) | TF1 - Grey's Anatomy (1 809 000) | M6 - Top chef (1 669 000) | TMC - Harry Potter et l'Ordre du Phénix (793 000) | CSTAR - Midway (704 000),Non,,,Fiction,"8,9 %",4,https://tvmag.lefigaro.fr/programme-tv/audiences-tv/audiences-cstar-surprend-avec-le-film-midway-gulli-sombre-avec-58-000-telespectateurs-20260604,2026-06-04,Oui,"Audiences : CStar surprend avec le film Midway , Gulli sombre avec 58.000 téléspectateurs",https://tvmag.lefigaro.fr/programme-tv/programme/1998-l-ete-de-nos-18-ans-f1908358354,fig-tv-audience table
2026-06-03,TMC,Harry Potter et l'Ordre du Phénix,Film,1ère partie de soirée,,Mercredi,793000,,Non,Non,,"France 2 - L'or bleu (2 574 000) | TF1 - Grey's Anatomy (1 809 000) | M6 - Top chef (1 669 000) | France 3 - 1998, l'été de nos 18 ans (1 125 000) | CSTAR - Midway (704 000)",Non,,,Fiction,"8,1 %",5,https://tvmag.lefigaro.fr/programme-tv/audiences-tv/audiences-cstar-surprend-avec-le-film-midway-gulli-sombre-avec-58-000-telespectateurs-20260604,2026-06-04,Oui,"Audiences : CStar surprend avec le film Midway , Gulli sombre avec 58.000 téléspectateurs",https://tvmag.lefigaro.fr/programme-tv/programme/harry-potter-et-l-ordre-du-phenix-f1462526594,fig-tv-audience table
2026-06-03,CSTAR,Midway,Film,1ère partie de soirée,,Mercredi,704000,Flop,Non,Non,,"France 2 - L'or bleu (2 574 000) | TF1 - Grey's Anatomy (1 809 000) | M6 - Top chef (1 669 000) | France 3 - 1998, l'été de nos 18 ans (1 125 000) | TMC - Harry Potter et l'Ordre du Phénix (793 000)",Non,,,Fiction,"6,5 %",6,https://tvmag.lefigaro.fr/programme-tv/audiences-tv/audiences-cstar-surprend-avec-le-film-midway-gulli-sombre-avec-58-000-telespectateurs-20260604,2026-06-04,Oui,"Audiences : CStar surprend avec le film Midway , Gulli sombre avec 58.000 téléspectateurs",https://tvmag.lefigaro.fr/programme-tv/programme/midway-f685143760,fig-tv-audience table
2026-06-03,W9,Enquêtes criminelles,Magazine,1ère partie de soirée,,Mercredi,614000,,Non,Non,,"France 2 - L'or bleu (2 574 000) | TF1 - Grey's Anatomy (1 809 000) | M6 - Top chef (1 669 000) | France 3 - 1998, l'été de nos 18 ans (1 125 000) | TMC - Harry Potter et l'Ordre du Phénix (793 000)",Non,,,Documentaire / magazine,"4,9 %",7,https://tvmag.lefigaro.fr/programme-tv/audiences-tv/audiences-cstar-surprend-avec-le-film-midway-gulli-sombre-avec-58-000-telespectateurs-20260604,2026-06-04,Oui,"Audiences : CStar surprend avec le film Midway , Gulli sombre avec 58.000 téléspectateurs",https://tvmag.lefigaro.fr/programme-tv/programme/enquetes-criminelles-f1210780753,fig-tv-audience table
2026-06-03,Arte,As bestas,Film,1ère partie de soirée,,Mercredi,562000,,Non,Non,,"France 2 - L'or bleu (2 574 000) | TF1 - Grey's Anatomy (1 809 000) | M6 - Top chef (1 669 000) | France 3 - 1998, l'été de nos 18 ans (1 125 000) | TMC - Harry Potter et l'Ordre du Phénix (793 000)",Non,,,Fiction,"4,8 %",8,https://tvmag.lefigaro.fr/programme-tv/audiences-tv/audiences-cstar-surprend-avec-le-film-midway-gulli-sombre-avec-58-000-telespectateurs-20260604,2026-06-04,Oui,"Audiences : CStar surprend avec le film Midway , Gulli sombre avec 58.000 téléspectateurs",https://tvmag.lefigaro.fr/programme-tv/programme/as-bestas-f736899164,fig-tv-audience table
2026-06-03,TF1 Séries Films,Le boulet,Film,1ère partie de soirée,,Mercredi,526000,,Non,Non,,"France 2 - L'or bleu (2 574 000) | TF1 - Grey's Anatomy (1 809 000) | M6 - Top chef (1 669 000) | France 3 - 1998, l'été de nos 18 ans (1 125 000) | TMC - Harry Potter et l'Ordre du Phénix (793 000)",Non,,,Fiction,"4,5 %",9,https://tvmag.lefigaro.fr/programme-tv/audiences-tv/audiences-cstar-surprend-avec-le-film-midway-gulli-sombre-avec-58-000-telespectateurs-20260604,2026-06-04,Oui,"Audiences : CStar surprend avec le film Midway , Gulli sombre avec 58.000 téléspectateurs",https://tvmag.lefigaro.fr/programme-tv/programme/le-boulet-f583876886,fig-tv-audience table
2026-06-03,France 5,La grande librairie,Magazine,1ère partie de soirée,,Mercredi,488000,,Non,Non,,"France 2 - L'or bleu (2 574 000) | TF1 - Grey's Anatomy (1 809 000) | M6 - Top chef (1 669 000) | France 3 - 1998, l'été de nos 18 ans (1 125 000) | TMC - Harry Potter et l'Ordre du Phénix (793 000)",Non,,,Documentaire / magazine,"3,9 %",10,https://tvmag.lefigaro.fr/programme-tv/audiences-tv/audiences-cstar-surprend-avec-le-film-midway-gulli-sombre-avec-58-000-telespectateurs-20260604,2026-06-04,Oui,"Audiences : CStar surprend avec le film Midway , Gulli sombre avec 58.000 téléspectateurs",https://tvmag.lefigaro.fr/programme-tv/programme/la-grande-librairie-f1144042,fig-tv-audience table
2026-06-03,6ter,Sherlock Holmes,Film,1ère partie de soirée,,Mercredi,373000,,Non,Non,,"France 2 - L'or bleu (2 574 000) | TF1 - Grey's Anatomy (1 809 000) | M6 - Top chef (1 669 000) | France 3 - 1998, l'été de nos 18 ans (1 125 000) | TMC - Harry Potter et l'Ordre du Phénix (793 000)",Non,,,Fiction,"3,4 %",11,https://tvmag.lefigaro.fr/programme-tv/audiences-tv/audiences-cstar-surprend-avec-le-film-midway-gulli-sombre-avec-58-000-telespectateurs-20260604,2026-06-04,Oui,"Audiences : CStar surprend avec le film Midway , Gulli sombre avec 58.000 téléspectateurs",https://tvmag.lefigaro.fr/programme-tv/programme/sherlock-holmes-f1098059591,fig-tv-audience table
2026-06-03,TFX,Cleaners les experts du ménage,Magazine,1ère partie de soirée,,Mercredi,381000,,Non,Non,,"France 2 - L'or bleu (2 574 000) | TF1 - Grey's Anatomy (1 809 000) | M6 - Top chef (1 669 000) | France 3 - 1998, l'été de nos 18 ans (1 125 000) | TMC - Harry Potter et l'Ordre du Phénix (793 000)",Non,,,Documentaire / magazine,"3,1 %",12,https://tvmag.lefigaro.fr/programme-tv/audiences-tv/audiences-cstar-surprend-avec-le-film-midway-gulli-sombre-avec-58-000-telespectateurs-20260604,2026-06-04,Oui,"Audiences : CStar surprend avec le film Midway , Gulli sombre avec 58.000 téléspectateurs",https://tvmag.lefigaro.fr/programme-tv/programme/cleaners-les-experts-du-menage-f415953543,fig-tv-audience table
2026-06-03,Chérie 25,Cold Case,Série,1ère partie de soirée,,Mercredi,283000,,Non,Non,,"France 2 - L'or bleu (2 574 000) | TF1 - Grey's Anatomy (1 809 000) | M6 - Top chef (1 669 000) | France 3 - 1998, l'été de nos 18 ans (1 125 000) | TMC - Harry Potter et l'Ordre du Phénix (793 000)",Non,,,Fiction,"2,2 %",13,https://tvmag.lefigaro.fr/programme-tv/audiences-tv/audiences-cstar-surprend-avec-le-film-midway-gulli-sombre-avec-58-000-telespectateurs-20260604,2026-06-04,Oui,"Audiences : CStar surprend avec le film Midway , Gulli sombre avec 58.000 téléspectateurs",https://tvmag.lefigaro.fr/programme-tv/programme/cold-case-f1734853407,fig-tv-audience table
2026-06-03,RMC Découverte,Monster Garage France,Documentaire,1ère partie de soirée,,Mercredi,224000,,Non,Non,,"France 2 - L'or bleu (2 574 000) | TF1 - Grey's Anatomy (1 809 000) | M6 - Top chef (1 669 000) | France 3 - 1998, l'été de nos 18 ans (1 125 000) | TMC - Harry Potter et l'Ordre du Phénix (793 000)",Non,,,Documentaire / magazine,"1,8 %",14,https://tvmag.lefigaro.fr/programme-tv/audiences-tv/audiences-cstar-surprend-avec-le-film-midway-gulli-sombre-avec-58-000-telespectateurs-20260604,2026-06-04,Oui,"Audiences : CStar surprend avec le film Midway , Gulli sombre avec 58.000 téléspectateurs",https://tvmag.lefigaro.fr/programme-tv/programme/monster-garage-france-f1995682282,fig-tv-audience table
2026-06-03,RMC Story,Flic story,Film,1ère partie de soirée,,Mercredi,172000,,Non,Non,,"France 2 - L'or bleu (2 574 000) | TF1 - Grey's Anatomy (1 809 000) | M6 - Top chef (1 669 000) | France 3 - 1998, l'été de nos 18 ans (1 125 000) | TMC - Harry Potter et l'Ordre du Phénix (793 000)",Non,,,Fiction,"1,3 %",15,https://tvmag.lefigaro.fr/programme-tv/audiences-tv/audiences-cstar-surprend-avec-le-film-midway-gulli-sombre-avec-58-000-telespectateurs-20260604,2026-06-04,Oui,"Audiences : CStar surprend avec le film Midway , Gulli sombre avec 58.000 téléspectateurs",https://tvmag.lefigaro.fr/programme-tv/programme/flic-story-f1531965935,fig-tv-audience table
2026-06-03,Gulli,The Middle,Série,1ère partie de soirée,,Mercredi,58000,,Non,Non,,"France 2 - L'or bleu (2 574 000) | TF1 - Grey's Anatomy (1 809 000) | M6 - Top chef (1 669 000) | France 3 - 1998, l'été de nos 18 ans (1 125 000) | TMC - Harry Potter et l'Ordre du Phénix (793 000)",Non,,,Fiction,"0,4 %",16,https://tvmag.lefigaro.fr/programme-tv/audiences-tv/audiences-cstar-surprend-avec-le-film-midway-gulli-sombre-avec-58-000-telespectateurs-20260604,2026-06-04,Oui,"Audiences : CStar surprend avec le film Midway , Gulli sombre avec 58.000 téléspectateurs",https://tvmag.lefigaro.fr/programme-tv/programme/the-middle-f1518595320,fig-tv-audience table
2026-06-02,TF1,Koh-Lanta,Divertissement,1ère partie de soirée,,Mardi,2793000,,Non,Non,,"France 3 - Alexandra Ehle (2 640 000) | M6 - Appel à témoins (1 980 000) | France 2 - Laissez-vous guider (1 597 000) | 6ter - Rush Hour 2 (491 000) | Arte - Europe, le choix des armes (507 000)",Non,,,Divertissement,"20,4 %",1,https://tvmag.lefigaro.fr/programme-tv/audiences-tv/quelle-audience-pour-les-revelations-sur-l-affaire-xavier-dupont-de-ligonnes-dans-appel-a-temoins-sur-m6-20260603,2026-06-03,Oui,Quelle audience pour les révélations sur l’affaire Xavier Dupont de Ligonnès dans «Appel à témoins» sur M6 ?,https://tvmag.lefigaro.fr/programme-tv/programme/koh-lanta-f1480089670,fig-tv-audience table
2026-06-02,France 3,Alexandra Ehle,Série,1ère partie de soirée,,Mardi,2640000,Rediffusion,Non,Non,,"TF1 - Koh-Lanta (2 793 000) | M6 - Appel à témoins (1 980 000) | France 2 - Laissez-vous guider (1 597 000) | 6ter - Rush Hour 2 (491 000) | Arte - Europe, le choix des armes (507 000)",Non,Saison 5,,Fiction,"19,7 %",2,https://tvmag.lefigaro.fr/programme-tv/audiences-tv/quelle-audience-pour-les-revelations-sur-l-affaire-xavier-dupont-de-ligonnes-dans-appel-a-temoins-sur-m6-20260603,2026-06-03,Oui,Quelle audience pour les révélations sur l’affaire Xavier Dupont de Ligonnès dans «Appel à témoins» sur M6 ?,https://tvmag.lefigaro.fr/programme-tv/programme/alexandra-ehle-f2022460258,fig-tv-audience table
2026-06-02,M6,Appel à témoins,Magazine,1ère partie de soirée,,Mardi,1980000,"Leader, Inédit",Non,Non,,"TF1 - Koh-Lanta (2 793 000) | France 3 - Alexandra Ehle (2 640 000) | France 2 - Laissez-vous guider (1 597 000) | 6ter - Rush Hour 2 (491 000) | Arte - Europe, le choix des armes (507 000)",Non,,,Documentaire / magazine,"14,2 %",3,https://tvmag.lefigaro.fr/programme-tv/audiences-tv/quelle-audience-pour-les-revelations-sur-l-affaire-xavier-dupont-de-ligonnes-dans-appel-a-temoins-sur-m6-20260603,2026-06-03,Oui,Quelle audience pour les révélations sur l’affaire Xavier Dupont de Ligonnès dans «Appel à témoins» sur M6 ?,https://tvmag.lefigaro.fr/programme-tv/programme/appel-a-temoins-f2007684896,fig-tv-audience table
2026-06-02,France 2,Laissez-vous guider,Documentaire,1ère partie de soirée,,Mardi,1597000,,Non,Non,,"TF1 - Koh-Lanta (2 793 000) | France 3 - Alexandra Ehle (2 640 000) | M6 - Appel à témoins (1 980 000) | 6ter - Rush Hour 2 (491 000) | Arte - Europe, le choix des armes (507 000)",Non,,,Documentaire / magazine,"12,4 %",4,https://tvmag.lefigaro.fr/programme-tv/audiences-tv/quelle-audience-pour-les-revelations-sur-l-affaire-xavier-dupont-de-ligonnes-dans-appel-a-temoins-sur-m6-20260603,2026-06-03,Oui,Quelle audience pour les révélations sur l’affaire Xavier Dupont de Ligonnès dans «Appel à témoins» sur M6 ?,https://tvmag.lefigaro.fr/programme-tv/programme/laissez-vous-guider-f1421954971,fig-tv-audience table
2026-06-02,6ter,Rush Hour 2,Film,1ère partie de soirée,,Mardi,491000,,Non,Non,,"TF1 - Koh-Lanta (2 793 000) | France 3 - Alexandra Ehle (2 640 000) | M6 - Appel à témoins (1 980 000) | France 2 - Laissez-vous guider (1 597 000) | Arte - Europe, le choix des armes (507 000)",Non,,,Fiction,"3,8 %",5,https://tvmag.lefigaro.fr/programme-tv/audiences-tv/quelle-audience-pour-les-revelations-sur-l-affaire-xavier-dupont-de-ligonnes-dans-appel-a-temoins-sur-m6-20260603,2026-06-03,Oui,Quelle audience pour les révélations sur l’affaire Xavier Dupont de Ligonnès dans «Appel à témoins» sur M6 ?,https://tvmag.lefigaro.fr/programme-tv/programme/rush-hour-2-f1565136779,fig-tv-audience table
2026-06-02,Arte,"Europe, le choix des armes",Documentaire,1ère partie de soirée,,Mardi,507000,,Non,Non,,TF1 - Koh-Lanta (2 793 000) | France 3 - Alexandra Ehle (2 640 000) | M6 - Appel à témoins (1 980 000) | France 2 - Laissez-vous guider (1 597 000) | 6ter - Rush Hour 2 (491 000),Non,,,Documentaire / magazine,"3,7 %",6,https://tvmag.lefigaro.fr/programme-tv/audiences-tv/quelle-audience-pour-les-revelations-sur-l-affaire-xavier-dupont-de-ligonnes-dans-appel-a-temoins-sur-m6-20260603,2026-06-03,Oui,Quelle audience pour les révélations sur l’affaire Xavier Dupont de Ligonnès dans «Appel à témoins» sur M6 ?,https://tvmag.lefigaro.fr/programme-tv/programme/europe-le-choix-des-armes-f271693504,fig-tv-audience table
2026-06-02,TF1 Séries Films,Camping Paradis,Série,1ère partie de soirée,,Mardi,474000,,Non,Non,,TF1 - Koh-Lanta (2 793 000) | France 3 - Alexandra Ehle (2 640 000) | M6 - Appel à témoins (1 980 000) | France 2 - Laissez-vous guider (1 597 000) | 6ter - Rush Hour 2 (491 000),Non,,,Fiction,"3,7 %",7,https://tvmag.lefigaro.fr/programme-tv/audiences-tv/quelle-audience-pour-les-revelations-sur-l-affaire-xavier-dupont-de-ligonnes-dans-appel-a-temoins-sur-m6-20260603,2026-06-03,Oui,Quelle audience pour les révélations sur l’affaire Xavier Dupont de Ligonnès dans «Appel à témoins» sur M6 ?,https://tvmag.lefigaro.fr/programme-tv/programme/camping-paradis-f151665016,fig-tv-audience table
2026-06-02,TFX,Tout sauf toi,Film,1ère partie de soirée,,Mardi,456000,,Non,Non,,TF1 - Koh-Lanta (2 793 000) | France 3 - Alexandra Ehle (2 640 000) | M6 - Appel à témoins (1 980 000) | France 2 - Laissez-vous guider (1 597 000) | 6ter - Rush Hour 2 (491 000),Non,,,Fiction,"3,5 %",8,https://tvmag.lefigaro.fr/programme-tv/audiences-tv/quelle-audience-pour-les-revelations-sur-l-affaire-xavier-dupont-de-ligonnes-dans-appel-a-temoins-sur-m6-20260603,2026-06-03,Oui,Quelle audience pour les révélations sur l’affaire Xavier Dupont de Ligonnès dans «Appel à témoins» sur M6 ?,https://tvmag.lefigaro.fr/programme-tv/programme/tout-sauf-toi-f1660060255,fig-tv-audience table
2026-06-02,France 5,"Mbappé, la diplomatie du ballon rond",Documentaire,1ère partie de soirée,,Mardi,466000,,Non,Non,,TF1 - Koh-Lanta (2 793 000) | France 3 - Alexandra Ehle (2 640 000) | M6 - Appel à témoins (1 980 000) | France 2 - Laissez-vous guider (1 597 000) | 6ter - Rush Hour 2 (491 000),Non,,,Documentaire / magazine,"3,4 %",9,https://tvmag.lefigaro.fr/programme-tv/audiences-tv/quelle-audience-pour-les-revelations-sur-l-affaire-xavier-dupont-de-ligonnes-dans-appel-a-temoins-sur-m6-20260603,2026-06-03,Oui,Quelle audience pour les révélations sur l’affaire Xavier Dupont de Ligonnès dans «Appel à témoins» sur M6 ?,https://tvmag.lefigaro.fr/programme-tv/programme/mbappe-la-diplomatie-du-ballon-rond-f1882077703,fig-tv-audience table
2026-06-02,TMC,90' Enquêtes,Magazine,1ère partie de soirée,,Mardi,403000,,Non,Non,,TF1 - Koh-Lanta (2 793 000) | France 3 - Alexandra Ehle (2 640 000) | M6 - Appel à témoins (1 980 000) | France 2 - Laissez-vous guider (1 597 000) | 6ter - Rush Hour 2 (491 000),Non,,,Documentaire / magazine,"3,2 %",10,https://tvmag.lefigaro.fr/programme-tv/audiences-tv/quelle-audience-pour-les-revelations-sur-l-affaire-xavier-dupont-de-ligonnes-dans-appel-a-temoins-sur-m6-20260603,2026-06-03,Oui,Quelle audience pour les révélations sur l’affaire Xavier Dupont de Ligonnès dans «Appel à témoins» sur M6 ?,https://tvmag.lefigaro.fr/programme-tv/programme/90-enquetes-f456363872,fig-tv-audience table
2026-06-02,RMC Story,Jupiter : le destin de l'univers,Documentaire,1ère partie de soirée,,Mardi,352000,,Non,Non,,TF1 - Koh-Lanta (2 793 000) | France 3 - Alexandra Ehle (2 640 000) | M6 - Appel à témoins (1 980 000) | France 2 - Laissez-vous guider (1 597 000) | 6ter - Rush Hour 2 (491 000),Non,,,Documentaire / magazine,"2,9 %",11,https://tvmag.lefigaro.fr/programme-tv/audiences-tv/quelle-audience-pour-les-revelations-sur-l-affaire-xavier-dupont-de-ligonnes-dans-appel-a-temoins-sur-m6-20260603,2026-06-03,Oui,Quelle audience pour les révélations sur l’affaire Xavier Dupont de Ligonnès dans «Appel à témoins» sur M6 ?,https://tvmag.lefigaro.fr/programme-tv/programme/jupiter-le-destin-de-l-univers-f967661825,fig-tv-audience table
2026-06-02,Gulli,Le petit prince,Série,1ère partie de soirée,,Mardi,283000,,Non,Non,,TF1 - Koh-Lanta (2 793 000) | France 3 - Alexandra Ehle (2 640 000) | M6 - Appel à témoins (1 980 000) | France 2 - Laissez-vous guider (1 597 000) | 6ter - Rush Hour 2 (491 000),Non,,,Fiction,"2,2 %",12,https://tvmag.lefigaro.fr/programme-tv/audiences-tv/quelle-audience-pour-les-revelations-sur-l-affaire-xavier-dupont-de-ligonnes-dans-appel-a-temoins-sur-m6-20260603,2026-06-03,Oui,Quelle audience pour les révélations sur l’affaire Xavier Dupont de Ligonnès dans «Appel à témoins» sur M6 ?,https://tvmag.lefigaro.fr/programme-tv/programme/le-petit-prince-f1679426426,fig-tv-audience table
2026-06-02,W9,Etat de choc,Magazine,1ère partie de soirée,,Mardi,201000,,Non,Non,,TF1 - Koh-Lanta (2 793 000) | France 3 - Alexandra Ehle (2 640 000) | M6 - Appel à témoins (1 980 000) | France 2 - Laissez-vous guider (1 597 000) | 6ter - Rush Hour 2 (491 000),Non,,,Documentaire / magazine,"1,8 %",13,https://tvmag.lefigaro.fr/programme-tv/audiences-tv/quelle-audience-pour-les-revelations-sur-l-affaire-xavier-dupont-de-ligonnes-dans-appel-a-temoins-sur-m6-20260603,2026-06-03,Oui,Quelle audience pour les révélations sur l’affaire Xavier Dupont de Ligonnès dans «Appel à témoins» sur M6 ?,https://tvmag.lefigaro.fr/programme-tv/programme/etat-de-choc-f728857394,fig-tv-audience table
2026-06-02,RMC Découverte,Statue de la liberté : les 10 secrets de l'icône new-yorkaise,Documentaire,1ère partie de soirée,,Mardi,251000,,Non,Non,,TF1 - Koh-Lanta (2 793 000) | France 3 - Alexandra Ehle (2 640 000) | M6 - Appel à témoins (1 980 000) | France 2 - Laissez-vous guider (1 597 000) | 6ter - Rush Hour 2 (491 000),Non,,,Documentaire / magazine,"1,8 %",14,https://tvmag.lefigaro.fr/programme-tv/audiences-tv/quelle-audience-pour-les-revelations-sur-l-affaire-xavier-dupont-de-ligonnes-dans-appel-a-temoins-sur-m6-20260603,2026-06-03,Oui,Quelle audience pour les révélations sur l’affaire Xavier Dupont de Ligonnès dans «Appel à témoins» sur M6 ?,https://tvmag.lefigaro.fr/programme-tv/programme/statue-de-la-liberte-les-10-secrets-de-l-icone-new-yorkaise-f827947566,fig-tv-audience table
2026-06-02,Chérie 25,Castle,Série,1ère partie de soirée,,Mardi,256000,,Non,Non,,TF1 - Koh-Lanta (2 793 000) | France 3 - Alexandra Ehle (2 640 000) | M6 - Appel à témoins (1 980 000) | France 2 - Laissez-vous guider (1 597 000) | 6ter - Rush Hour 2 (491 000),Non,,,Fiction,"1,8 %",15,https://tvmag.lefigaro.fr/programme-tv/audiences-tv/quelle-audience-pour-les-revelations-sur-l-affaire-xavier-dupont-de-ligonnes-dans-appel-a-temoins-sur-m6-20260603,2026-06-03,Oui,Quelle audience pour les révélations sur l’affaire Xavier Dupont de Ligonnès dans «Appel à témoins» sur M6 ?,https://tvmag.lefigaro.fr/programme-tv/programme/castle-f724851305,fig-tv-audience table
2026-06-02,CSTAR,Mariage chez les Bodin's,Divertissement,1ère partie de soirée,,Mardi,210000,,Non,Non,,TF1 - Koh-Lanta (2 793 000) | France 3 - Alexandra Ehle (2 640 000) | M6 - Appel à témoins (1 980 000) | France 2 - Laissez-vous guider (1 597 000) | 6ter - Rush Hour 2 (491 000),Non,,,Divertissement,"1,6 %",16,https://tvmag.lefigaro.fr/programme-tv/audiences-tv/quelle-audience-pour-les-revelations-sur-l-affaire-xavier-dupont-de-ligonnes-dans-appel-a-temoins-sur-m6-20260603,2026-06-03,Oui,Quelle audience pour les révélations sur l’affaire Xavier Dupont de Ligonnès dans «Appel à témoins» sur M6 ?,https://tvmag.lefigaro.fr/programme-tv/programme/mariage-chez-les-bodin-s-f552388089,fig-tv-audience table
2026-06-01,TF1,L'été 36,Série,1ère partie de soirée,,Lundi,3473000,,Non,Non,,France 2 - Meurtres au paradis (2 630 000) | France 3 - Le jour le plus long (1 578 000) | M6 - Mariés au premier regard (1 860 000) | W9 - Independence Day : Resurgence (860 000) | Arte - Il était une fois la Révolution (619 000),Non,,,Fiction,"23,5 %",1,https://tvmag.lefigaro.fr/programme-tv/actu-tele/audiences-l-ete-36-termine-en-baisse-sur-tf1-20260602,2026-06-02,Oui,Audiences : L’Été 36 termine en baisse sur TF1,https://tvmag.lefigaro.fr/programme-tv/programme/l-ete-36-f170151250,fig-tv-audience table
2026-06-01,France 2,Meurtres au paradis,Série,1ère partie de soirée,,Lundi,2630000,,Non,Non,,TF1 - L'été 36 (3 473 000) | France 3 - Le jour le plus long (1 578 000) | M6 - Mariés au premier regard (1 860 000) | W9 - Independence Day : Resurgence (860 000) | Arte - Il était une fois la Révolution (619 000),Non,,,Fiction,"17,8 %",2,https://tvmag.lefigaro.fr/programme-tv/actu-tele/audiences-l-ete-36-termine-en-baisse-sur-tf1-20260602,2026-06-02,Oui,Audiences : L’Été 36 termine en baisse sur TF1,https://tvmag.lefigaro.fr/programme-tv/programme/meurtres-au-paradis-f1743079390,fig-tv-audience table
2026-06-01,France 3,Le jour le plus long,Film,1ère partie de soirée,,Lundi,1578000,,Non,Non,,TF1 - L'été 36 (3 473 000) | France 2 - Meurtres au paradis (2 630 000) | M6 - Mariés au premier regard (1 860 000) | W9 - Independence Day : Resurgence (860 000) | Arte - Il était une fois la Révolution (619 000),Non,,,Fiction,"14,0 %",3,https://tvmag.lefigaro.fr/programme-tv/actu-tele/audiences-l-ete-36-termine-en-baisse-sur-tf1-20260602,2026-06-02,Oui,Audiences : L’Été 36 termine en baisse sur TF1,https://tvmag.lefigaro.fr/programme-tv/programme/le-jour-le-plus-long-f1777169629,fig-tv-audience table
2026-06-01,M6,Mariés au premier regard,Divertissement,1ère partie de soirée,,Lundi,1860000,,Non,Non,,TF1 - L'été 36 (3 473 000) | France 2 - Meurtres au paradis (2 630 000) | France 3 - Le jour le plus long (1 578 000) | W9 - Independence Day : Resurgence (860 000) | Arte - Il était une fois la Révolution (619 000),Non,Saison 10,,Divertissement,"12,6 %",4,https://tvmag.lefigaro.fr/programme-tv/actu-tele/audiences-l-ete-36-termine-en-baisse-sur-tf1-20260602,2026-06-02,Oui,Audiences : L’Été 36 termine en baisse sur TF1,https://tvmag.lefigaro.fr/programme-tv/programme/maries-au-premier-regard-f1067227752,fig-tv-audience table
2026-06-01,W9,Independence Day : Resurgence,Film,1ère partie de soirée,,Lundi,860000,,Non,Non,,TF1 - L'été 36 (3 473 000) | France 2 - Meurtres au paradis (2 630 000) | France 3 - Le jour le plus long (1 578 000) | M6 - Mariés au premier regard (1 860 000) | Arte - Il était une fois la Révolution (619 000),Non,,,Fiction,"7,0 %",5,https://tvmag.lefigaro.fr/programme-tv/actu-tele/audiences-l-ete-36-termine-en-baisse-sur-tf1-20260602,2026-06-02,Oui,Audiences : L’Été 36 termine en baisse sur TF1,https://tvmag.lefigaro.fr/programme-tv/programme/independence-day-resurgence-f966756524,fig-tv-audience table
2026-06-01,Arte,Il était une fois la Révolution,Film,1ère partie de soirée,,Lundi,619000,,Non,Non,,TF1 - L'été 36 (3 473 000) | France 2 - Meurtres au paradis (2 630 000) | France 3 - Le jour le plus long (1 578 000) | M6 - Mariés au premier regard (1 860 000) | W9 - Independence Day : Resurgence (860 000),Non,,,Fiction,"4,8 %",6,https://tvmag.lefigaro.fr/programme-tv/actu-tele/audiences-l-ete-36-termine-en-baisse-sur-tf1-20260602,2026-06-02,Oui,Audiences : L’Été 36 termine en baisse sur TF1,https://tvmag.lefigaro.fr/programme-tv/programme/il-etait-une-fois-la-revolution-f1476682370,fig-tv-audience table
2026-06-01,TMC,Misanthrope,Film,1ère partie de soirée,,Lundi,566000,,Non,Non,,TF1 - L'été 36 (3 473 000) | France 2 - Meurtres au paradis (2 630 000) | France 3 - Le jour le plus long (1 578 000) | M6 - Mariés au premier regard (1 860 000) | W9 - Independence Day : Resurgence (860 000),Non,,,Fiction,"4,8 %",7,https://tvmag.lefigaro.fr/programme-tv/actu-tele/audiences-l-ete-36-termine-en-baisse-sur-tf1-20260602,2026-06-02,Oui,Audiences : L’Été 36 termine en baisse sur TF1,https://tvmag.lefigaro.fr/programme-tv/programme/misanthrope-f1991860878,fig-tv-audience table
2026-06-01,France 5,"Thalassa, aventures extrêmes",Documentaire,1ère partie de soirée,,Lundi,523000,,Non,Non,,TF1 - L'été 36 (3 473 000) | France 2 - Meurtres au paradis (2 630 000) | France 3 - Le jour le plus long (1 578 000) | M6 - Mariés au premier regard (1 860 000) | W9 - Independence Day : Resurgence (860 000),Non,,,Documentaire / magazine,"3,5 %",8,https://tvmag.lefigaro.fr/programme-tv/actu-tele/audiences-l-ete-36-termine-en-baisse-sur-tf1-20260602,2026-06-02,Oui,Audiences : L’Été 36 termine en baisse sur TF1,https://tvmag.lefigaro.fr/programme-tv/programme/thalassa-aventures-extremes-f397294587,fig-tv-audience table
2026-06-01,TFX,Appels d'urgence,Magazine,1ère partie de soirée,,Lundi,350000,,Non,Non,,TF1 - L'été 36 (3 473 000) | France 2 - Meurtres au paradis (2 630 000) | France 3 - Le jour le plus long (1 578 000) | M6 - Mariés au premier regard (1 860 000) | W9 - Independence Day : Resurgence (860 000),Non,,,Documentaire / magazine,"2,4 %",9,https://tvmag.lefigaro.fr/programme-tv/actu-tele/audiences-l-ete-36-termine-en-baisse-sur-tf1-20260602,2026-06-02,Oui,Audiences : L’Été 36 termine en baisse sur TF1,https://tvmag.lefigaro.fr/programme-tv/programme/appels-d-urgence-f2096276569,fig-tv-audience table
2026-06-01,Chérie 25,Faites entrer l'accusé,Magazine,1ère partie de soirée,,Lundi,325000,,Non,Non,,TF1 - L'été 36 (3 473 000) | France 2 - Meurtres au paradis (2 630 000) | France 3 - Le jour le plus long (1 578 000) | M6 - Mariés au premier regard (1 860 000) | W9 - Independence Day : Resurgence (860 000),Non,,,Documentaire / magazine,"2,3 %",10,https://tvmag.lefigaro.fr/programme-tv/actu-tele/audiences-l-ete-36-termine-en-baisse-sur-tf1-20260602,2026-06-02,Oui,Audiences : L’Été 36 termine en baisse sur TF1,https://tvmag.lefigaro.fr/programme-tv/programme/faites-entrer-l-accuse-f681768004,fig-tv-audience table
2026-06-01,6ter,Kaamelott,Film,1ère partie de soirée,,Lundi,206000,,Non,Non,,TF1 - L'été 36 (3 473 000) | France 2 - Meurtres au paradis (2 630 000) | France 3 - Le jour le plus long (1 578 000) | M6 - Mariés au premier regard (1 860 000) | W9 - Independence Day : Resurgence (860 000),Non,,,Fiction,"1,6 %",11,https://tvmag.lefigaro.fr/programme-tv/actu-tele/audiences-l-ete-36-termine-en-baisse-sur-tf1-20260602,2026-06-02,Oui,Audiences : L’Été 36 termine en baisse sur TF1,https://tvmag.lefigaro.fr/programme-tv/programme/kaamelott-f888221198,fig-tv-audience table
2026-06-01,CSTAR,Chicago Fire,Série,1ère partie de soirée,,Lundi,199000,,Non,Non,,TF1 - L'été 36 (3 473 000) | France 2 - Meurtres au paradis (2 630 000) | France 3 - Le jour le plus long (1 578 000) | M6 - Mariés au premier regard (1 860 000) | W9 - Independence Day : Resurgence (860 000),Non,,,Fiction,"1,3 %",12,https://tvmag.lefigaro.fr/programme-tv/actu-tele/audiences-l-ete-36-termine-en-baisse-sur-tf1-20260602,2026-06-02,Oui,Audiences : L’Été 36 termine en baisse sur TF1,https://tvmag.lefigaro.fr/programme-tv/programme/chicago-fire-f1372899745,fig-tv-audience table
2026-06-01,TF1 Séries Films,Pur week-end,Film,1ère partie de soirée,,Lundi,174000,,Non,Non,,TF1 - L'été 36 (3 473 000) | France 2 - Meurtres au paradis (2 630 000) | France 3 - Le jour le plus long (1 578 000) | M6 - Mariés au premier regard (1 860 000) | W9 - Independence Day : Resurgence (860 000),Non,,,Fiction,"1,2 %",13,https://tvmag.lefigaro.fr/programme-tv/actu-tele/audiences-l-ete-36-termine-en-baisse-sur-tf1-20260602,2026-06-02,Oui,Audiences : L’Été 36 termine en baisse sur TF1,https://tvmag.lefigaro.fr/programme-tv/programme/pur-week-end-f1096820125,fig-tv-audience table
2026-06-01,RMC Story,Lucifer,Série,1ère partie de soirée,,Lundi,187000,,Non,Non,,TF1 - L'été 36 (3 473 000) | France 2 - Meurtres au paradis (2 630 000) | France 3 - Le jour le plus long (1 578 000) | M6 - Mariés au premier regard (1 860 000) | W9 - Independence Day : Resurgence (860 000),Non,,,Fiction,"1,2 %",14,https://tvmag.lefigaro.fr/programme-tv/actu-tele/audiences-l-ete-36-termine-en-baisse-sur-tf1-20260602,2026-06-02,Oui,Audiences : L’Été 36 termine en baisse sur TF1,https://tvmag.lefigaro.fr/programme-tv/programme/lucifer-f1091372138,fig-tv-audience table
2026-06-01,RMC Découverte,Alerte sur la planète !,Documentaire,1ère partie de soirée,,Lundi,171000,,Non,Non,,TF1 - L'été 36 (3 473 000) | France 2 - Meurtres au paradis (2 630 000) | France 3 - Le jour le plus long (1 578 000) | M6 - Mariés au premier regard (1 860 000) | W9 - Independence Day : Resurgence (860 000),Non,,,Documentaire / magazine,"1,2 %",15,https://tvmag.lefigaro.fr/programme-tv/actu-tele/audiences-l-ete-36-termine-en-baisse-sur-tf1-20260602,2026-06-02,Oui,Audiences : L’Été 36 termine en baisse sur TF1,https://tvmag.lefigaro.fr/programme-tv/programme/alerte-sur-la-planete-f951757633,fig-tv-audience table
2026-06-01,Gulli,Les parcs d'attractions préférés des Français,Documentaire,1ère partie de soirée,,Lundi,90000,,Non,Non,,TF1 - L'été 36 (3 473 000) | France 2 - Meurtres au paradis (2 630 000) | France 3 - Le jour le plus long (1 578 000) | M6 - Mariés au premier regard (1 860 000) | W9 - Independence Day : Resurgence (860 000),Non,,,Documentaire / magazine,"0,6 %",16,https://tvmag.lefigaro.fr/programme-tv/actu-tele/audiences-l-ete-36-termine-en-baisse-sur-tf1-20260602,2026-06-02,Oui,Audiences : L’Été 36 termine en baisse sur TF1,https://tvmag.lefigaro.fr/programme-tv/programme/les-parcs-d-attractions-preferes-des-francais-f957954346,fig-tv-audience table
2026-05-31,TF1,Qu'est-ce qu'on a encore fait au Bon Dieu ?,Film,1ère partie de soirée,,Dimanche,3285000,Match de foot,Non,Non,,France 3 - Vanina : Meurtres en Sicile (2 207 000) | France 2 - 007 Spectre (1 881 000) | M6 - Capital (1 324 000) | Arte - L'évadé d'Alcatraz (899 000) | France 5 - C dans l'air (526 000),Oui,,,Fiction,"25,9 %",1,https://tvmag.lefigaro.fr/programme-tv/audiences-tv/audiences-nouveau-succes-pour-qu-est-ce-qu-on-a-encore-fait-au-bon-dieu-20260601,2026-06-01,Oui,Audiences : nouveau succès pour Qu’est-ce qu’on a encore fait au bon Dieu ? sur TF1,https://tvmag.lefigaro.fr/programme-tv/programme/qu-est-ce-qu-on-a-encore-fait-au-bon-dieu-f1943475413,fig-tv-audience table
2026-05-31,France 3,Vanina : Meurtres en Sicile,Série,1ère partie de soirée,,Dimanche,2207000,Match de foot,Non,Non,,TF1 - Qu'est-ce qu'on a encore fait au Bon Dieu ? (3 285 000) | France 2 - 007 Spectre (1 881 000) | M6 - Capital (1 324 000) | Arte - L'évadé d'Alcatraz (899 000) | France 5 - C dans l'air (526 000),Oui,,,Fiction,"17,4 %",2,https://tvmag.lefigaro.fr/programme-tv/audiences-tv/audiences-nouveau-succes-pour-qu-est-ce-qu-on-a-encore-fait-au-bon-dieu-20260601,2026-06-01,Oui,Audiences : nouveau succès pour Qu’est-ce qu’on a encore fait au bon Dieu ? sur TF1,https://tvmag.lefigaro.fr/programme-tv/programme/vanina-meurtres-en-sicile-f510036293,fig-tv-audience table
2026-05-31,France 2,007 Spectre,Film,1ère partie de soirée,,Dimanche,1881000,Match de foot,Non,Non,,TF1 - Qu'est-ce qu'on a encore fait au Bon Dieu ? (3 285 000) | France 3 - Vanina : Meurtres en Sicile (2 207 000) | M6 - Capital (1 324 000) | Arte - L'évadé d'Alcatraz (899 000) | France 5 - C dans l'air (526 000),Oui,,,Fiction,"16,3 %",3,https://tvmag.lefigaro.fr/programme-tv/audiences-tv/audiences-nouveau-succes-pour-qu-est-ce-qu-on-a-encore-fait-au-bon-dieu-20260601,2026-06-01,Oui,Audiences : nouveau succès pour Qu’est-ce qu’on a encore fait au bon Dieu ? sur TF1,https://tvmag.lefigaro.fr/programme-tv/programme/007-spectre-f765265564,fig-tv-audience table
2026-05-31,M6,Capital,Magazine,1ère partie de soirée,,Dimanche,1324000,Match de foot,Non,Non,,TF1 - Qu'est-ce qu'on a encore fait au Bon Dieu ? (3 285 000) | France 3 - Vanina : Meurtres en Sicile (2 207 000) | France 2 - 007 Spectre (1 881 000) | Arte - L'évadé d'Alcatraz (899 000) | France 5 - C dans l'air (526 000),Oui,,,Documentaire / magazine,"10,9 %",4,https://tvmag.lefigaro.fr/programme-tv/audiences-tv/audiences-nouveau-succes-pour-qu-est-ce-qu-on-a-encore-fait-au-bon-dieu-20260601,2026-06-01,Oui,Audiences : nouveau succès pour Qu’est-ce qu’on a encore fait au bon Dieu ? sur TF1,https://tvmag.lefigaro.fr/programme-tv/programme/capital-f755529617,fig-tv-audience table
2026-05-31,Arte,L'évadé d'Alcatraz,Film,1ère partie de soirée,,Dimanche,899000,Match de foot,Non,Non,,TF1 - Qu'est-ce qu'on a encore fait au Bon Dieu ? (3 285 000) | France 3 - Vanina : Meurtres en Sicile (2 207 000) | France 2 - 007 Spectre (1 881 000) | M6 - Capital (1 324 000) | France 5 - C dans l'air (526 000),Oui,,,Fiction,"6,9 %",5,https://tvmag.lefigaro.fr/programme-tv/audiences-tv/audiences-nouveau-succes-pour-qu-est-ce-qu-on-a-encore-fait-au-bon-dieu-20260601,2026-06-01,Oui,Audiences : nouveau succès pour Qu’est-ce qu’on a encore fait au bon Dieu ? sur TF1,https://tvmag.lefigaro.fr/programme-tv/programme/l-evade-d-alcatraz-f1314406049,fig-tv-audience table
2026-05-31,France 5,C dans l'air,Magazine,1ère partie de soirée,,Dimanche,526000,Match de foot,Non,Non,,TF1 - Qu'est-ce qu'on a encore fait au Bon Dieu ? (3 285 000) | France 3 - Vanina : Meurtres en Sicile (2 207 000) | France 2 - 007 Spectre (1 881 000) | M6 - Capital (1 324 000) | Arte - L'évadé d'Alcatraz (899 000),Oui,,,Documentaire / magazine,"4,1 %",6,https://tvmag.lefigaro.fr/programme-tv/audiences-tv/audiences-nouveau-succes-pour-qu-est-ce-qu-on-a-encore-fait-au-bon-dieu-20260601,2026-06-01,Oui,Audiences : nouveau succès pour Qu’est-ce qu’on a encore fait au bon Dieu ? sur TF1,https://tvmag.lefigaro.fr/programme-tv/programme/c-dans-l-air-f1870630742,fig-tv-audience table
2026-05-31,TMC,Esprits criminels,Série,1ère partie de soirée,,Dimanche,466000,Match de foot,Non,Non,,TF1 - Qu'est-ce qu'on a encore fait au Bon Dieu ? (3 285 000) | France 3 - Vanina : Meurtres en Sicile (2 207 000) | France 2 - 007 Spectre (1 881 000) | M6 - Capital (1 324 000) | Arte - L'évadé d'Alcatraz (899 000),Oui,,,Fiction,"3,5 %",7,https://tvmag.lefigaro.fr/programme-tv/audiences-tv/audiences-nouveau-succes-pour-qu-est-ce-qu-on-a-encore-fait-au-bon-dieu-20260601,2026-06-01,Oui,Audiences : nouveau succès pour Qu’est-ce qu’on a encore fait au bon Dieu ? sur TF1,https://tvmag.lefigaro.fr/programme-tv/programme/esprits-criminels-f679246495,fig-tv-audience table
2026-05-31,6ter,Agents presque secrets,Film,1ère partie de soirée,,Dimanche,374000,Match de foot,Non,Non,,TF1 - Qu'est-ce qu'on a encore fait au Bon Dieu ? (3 285 000) | France 3 - Vanina : Meurtres en Sicile (2 207 000) | France 2 - 007 Spectre (1 881 000) | M6 - Capital (1 324 000) | Arte - L'évadé d'Alcatraz (899 000),Oui,,,Fiction,"2,9 %",8,https://tvmag.lefigaro.fr/programme-tv/audiences-tv/audiences-nouveau-succes-pour-qu-est-ce-qu-on-a-encore-fait-au-bon-dieu-20260601,2026-06-01,Oui,Audiences : nouveau succès pour Qu’est-ce qu’on a encore fait au bon Dieu ? sur TF1,https://tvmag.lefigaro.fr/programme-tv/programme/agents-presque-secrets-f297582012,fig-tv-audience table
2026-05-31,TF1 Séries Films,La mort dans la peau,Film,1ère partie de soirée,,Dimanche,304000,Match de foot,Non,Non,,TF1 - Qu'est-ce qu'on a encore fait au Bon Dieu ? (3 285 000) | France 3 - Vanina : Meurtres en Sicile (2 207 000) | France 2 - 007 Spectre (1 881 000) | M6 - Capital (1 324 000) | Arte - L'évadé d'Alcatraz (899 000),Oui,,,Fiction,"2,4 %",9,https://tvmag.lefigaro.fr/programme-tv/audiences-tv/audiences-nouveau-succes-pour-qu-est-ce-qu-on-a-encore-fait-au-bon-dieu-20260601,2026-06-01,Oui,Audiences : nouveau succès pour Qu’est-ce qu’on a encore fait au bon Dieu ? sur TF1,https://tvmag.lefigaro.fr/programme-tv/programme/la-mort-dans-la-peau-f411746630,fig-tv-audience table
2026-05-31,RMC Découverte,Faites entrer l'accusé,Magazine,1ère partie de soirée,,Dimanche,280000,Match de foot,Non,Non,,TF1 - Qu'est-ce qu'on a encore fait au Bon Dieu ? (3 285 000) | France 3 - Vanina : Meurtres en Sicile (2 207 000) | France 2 - 007 Spectre (1 881 000) | M6 - Capital (1 324 000) | Arte - L'évadé d'Alcatraz (899 000),Oui,,,Documentaire / magazine,"2,2 %",10,https://tvmag.lefigaro.fr/programme-tv/audiences-tv/audiences-nouveau-succes-pour-qu-est-ce-qu-on-a-encore-fait-au-bon-dieu-20260601,2026-06-01,Oui,Audiences : nouveau succès pour Qu’est-ce qu’on a encore fait au bon Dieu ? sur TF1,https://tvmag.lefigaro.fr/programme-tv/programme/faites-entrer-l-accuse-f1752622819,fig-tv-audience table
2026-05-31,TFX,Shotgun Wedding,Film,1ère partie de soirée,,Dimanche,249000,Match de foot,Non,Non,,TF1 - Qu'est-ce qu'on a encore fait au Bon Dieu ? (3 285 000) | France 3 - Vanina : Meurtres en Sicile (2 207 000) | France 2 - 007 Spectre (1 881 000) | M6 - Capital (1 324 000) | Arte - L'évadé d'Alcatraz (899 000),Oui,,,Fiction,"1,9 %",11,https://tvmag.lefigaro.fr/programme-tv/audiences-tv/audiences-nouveau-succes-pour-qu-est-ce-qu-on-a-encore-fait-au-bon-dieu-20260601,2026-06-01,Oui,Audiences : nouveau succès pour Qu’est-ce qu’on a encore fait au bon Dieu ? sur TF1,https://tvmag.lefigaro.fr/programme-tv/programme/shotgun-wedding-f268929713,fig-tv-audience table
2026-05-31,Gulli,MacGyver,Série,1ère partie de soirée,,Dimanche,261000,Match de foot,Non,Non,,TF1 - Qu'est-ce qu'on a encore fait au Bon Dieu ? (3 285 000) | France 3 - Vanina : Meurtres en Sicile (2 207 000) | France 2 - 007 Spectre (1 881 000) | M6 - Capital (1 324 000) | Arte - L'évadé d'Alcatraz (899 000),Oui,,,Fiction,"1,9 %",12,https://tvmag.lefigaro.fr/programme-tv/audiences-tv/audiences-nouveau-succes-pour-qu-est-ce-qu-on-a-encore-fait-au-bon-dieu-20260601,2026-06-01,Oui,Audiences : nouveau succès pour Qu’est-ce qu’on a encore fait au bon Dieu ? sur TF1,https://tvmag.lefigaro.fr/programme-tv/programme/macgyver-f692455371,fig-tv-audience table
2026-05-31,W9,PSG Champion - La fête au Parc des Princes,Sport,1ère partie de soirée,,Dimanche,206000,Match de foot,Non,Non,,TF1 - Qu'est-ce qu'on a encore fait au Bon Dieu ? (3 285 000) | France 3 - Vanina : Meurtres en Sicile (2 207 000) | France 2 - 007 Spectre (1 881 000) | M6 - Capital (1 324 000) | Arte - L'évadé d'Alcatraz (899 000),Oui,,,Sport,"1,5 %",13,https://tvmag.lefigaro.fr/programme-tv/audiences-tv/audiences-nouveau-succes-pour-qu-est-ce-qu-on-a-encore-fait-au-bon-dieu-20260601,2026-06-01,Oui,Audiences : nouveau succès pour Qu’est-ce qu’on a encore fait au bon Dieu ? sur TF1,https://tvmag.lefigaro.fr/programme-tv/programme/psg-champion-la-fete-au-parc-des-princes-f1576894122,fig-tv-audience table
2026-05-31,CSTAR,S.W.A.T.,Série,1ère partie de soirée,,Dimanche,115000,Match de foot,Non,Non,,TF1 - Qu'est-ce qu'on a encore fait au Bon Dieu ? (3 285 000) | France 3 - Vanina : Meurtres en Sicile (2 207 000) | France 2 - 007 Spectre (1 881 000) | M6 - Capital (1 324 000) | Arte - L'évadé d'Alcatraz (899 000),Oui,,,Fiction,"0,9 %",14,https://tvmag.lefigaro.fr/programme-tv/audiences-tv/audiences-nouveau-succes-pour-qu-est-ce-qu-on-a-encore-fait-au-bon-dieu-20260601,2026-06-01,Oui,Audiences : nouveau succès pour Qu’est-ce qu’on a encore fait au bon Dieu ? sur TF1,https://tvmag.lefigaro.fr/programme-tv/programme/s-w-a-t-f378117078,fig-tv-audience table
2026-05-31,Chérie 25,Patinage : Les championnes brisent la glace,Sport,1ère partie de soirée,,Dimanche,117000,Match de foot,Non,Non,,TF1 - Qu'est-ce qu'on a encore fait au Bon Dieu ? (3 285 000) | France 3 - Vanina : Meurtres en Sicile (2 207 000) | France 2 - 007 Spectre (1 881 000) | M6 - Capital (1 324 000) | Arte - L'évadé d'Alcatraz (899 000),Oui,,,Sport,"0,9 %",15,https://tvmag.lefigaro.fr/programme-tv/audiences-tv/audiences-nouveau-succes-pour-qu-est-ce-qu-on-a-encore-fait-au-bon-dieu-20260601,2026-06-01,Oui,Audiences : nouveau succès pour Qu’est-ce qu’on a encore fait au bon Dieu ? sur TF1,https://tvmag.lefigaro.fr/programme-tv/programme/patinage-les-championnes-brisent-la-glace-f1347733760,fig-tv-audience table
2026-05-31,RMC Story,Flic story,Film,1ère partie de soirée,,Dimanche,49000,Match de foot,Non,Non,,TF1 - Qu'est-ce qu'on a encore fait au Bon Dieu ? (3 285 000) | France 3 - Vanina : Meurtres en Sicile (2 207 000) | France 2 - 007 Spectre (1 881 000) | M6 - Capital (1 324 000) | Arte - L'évadé d'Alcatraz (899 000),Oui,,,Fiction,"0,4 %",16,https://tvmag.lefigaro.fr/programme-tv/audiences-tv/audiences-nouveau-succes-pour-qu-est-ce-qu-on-a-encore-fait-au-bon-dieu-20260601,2026-06-01,Oui,Audiences : nouveau succès pour Qu’est-ce qu’on a encore fait au bon Dieu ? sur TF1,https://tvmag.lefigaro.fr/programme-tv/programme/flic-story-f1021615513,fig-tv-audience table
2026-05-30,M6,NCIS,Série,1ère partie de soirée,,Samedi,4403000,,Non,Non,,"France 3 - Crimes à Cluny (3 843 000) | TF1 - The Voice, la plus belle voix (1 850 000) | France 2 - Qui restera dans la lumière ? (1 208 000) | France 5 - Echappées belles (864 000) | Arte - Constantin le Grand : L'empereur de la nouvelle Rome (515 000)",Non,Finale,,Fiction,"27,4 %",1,https://tvmag.lefigaro.fr/programme-tv/audiences-tv/audiences-faible-score-pour-la-finale-de-the-voice-a-son-plus-bas-niveau-historique-20260531,2026-05-31,Oui,"Audiences : faible score pour la finale de «The Voice», à son plus bas niveau historique",https://tvmag.lefigaro.fr/programme-tv/programme/ncis-f254880757,fig-tv-audience table
2026-05-30,France 3,Crimes à Cluny,Documentaire,1ère partie de soirée,,Samedi,3843000,,Non,Non,,"M6 - NCIS (4 403 000) | TF1 - The Voice, la plus belle voix (1 850 000) | France 2 - Qui restera dans la lumière ? (1 208 000) | France 5 - Echappées belles (864 000) | Arte - Constantin le Grand : L'empereur de la nouvelle Rome (515 000)",Non,,,Documentaire / magazine,"26,8 %",2,https://tvmag.lefigaro.fr/programme-tv/audiences-tv/audiences-faible-score-pour-la-finale-de-the-voice-a-son-plus-bas-niveau-historique-20260531,2026-05-31,Oui,"Audiences : faible score pour la finale de «The Voice», à son plus bas niveau historique",https://tvmag.lefigaro.fr/programme-tv/programme/crimes-a-cluny-f2138289329,fig-tv-audience table
2026-05-30,TF1,"The Voice, la plus belle voix",Divertissement,1ère partie de soirée,,Samedi,1850000,,Non,Non,,M6 - NCIS (4 403 000) | France 3 - Crimes à Cluny (3 843 000) | France 2 - Qui restera dans la lumière ? (1 208 000) | France 5 - Echappées belles (864 000) | Arte - Constantin le Grand : L'empereur de la nouvelle Rome (515 000),Non,Finale,,Divertissement,"12,7 %",3,https://tvmag.lefigaro.fr/programme-tv/audiences-tv/audiences-faible-score-pour-la-finale-de-the-voice-a-son-plus-bas-niveau-historique-20260531,2026-05-31,Oui,"Audiences : faible score pour la finale de «The Voice», à son plus bas niveau historique",https://tvmag.lefigaro.fr/programme-tv/programme/the-voice-la-plus-belle-voix-f751008610,fig-tv-audience table
2026-05-30,France 2,Qui restera dans la lumière ?,Divertissement,1ère partie de soirée,,Samedi,1208000,,Non,Non,,"M6 - NCIS (4 403 000) | France 3 - Crimes à Cluny (3 843 000) | TF1 - The Voice, la plus belle voix (1 850 000) | France 5 - Echappées belles (864 000) | Arte - Constantin le Grand : L'empereur de la nouvelle Rome (515 000)",Non,,,Divertissement,"9,4 %",4,https://tvmag.lefigaro.fr/programme-tv/audiences-tv/audiences-faible-score-pour-la-finale-de-the-voice-a-son-plus-bas-niveau-historique-20260531,2026-05-31,Oui,"Audiences : faible score pour la finale de «The Voice», à son plus bas niveau historique",https://tvmag.lefigaro.fr/programme-tv/programme/qui-restera-dans-la-lumiere-f105195404,fig-tv-audience table
2026-05-30,France 5,Echappées belles,Magazine,1ère partie de soirée,,Samedi,864000,,Non,Non,,"M6 - NCIS (4 403 000) | France 3 - Crimes à Cluny (3 843 000) | TF1 - The Voice, la plus belle voix (1 850 000) | France 2 - Qui restera dans la lumière ? (1 208 000) | Arte - Constantin le Grand : L'empereur de la nouvelle Rome (515 000)",Non,Finale,,Documentaire / magazine,"6,0 %",5,https://tvmag.lefigaro.fr/programme-tv/audiences-tv/audiences-faible-score-pour-la-finale-de-the-voice-a-son-plus-bas-niveau-historique-20260531,2026-05-31,Oui,"Audiences : faible score pour la finale de «The Voice», à son plus bas niveau historique",https://tvmag.lefigaro.fr/programme-tv/programme/echappees-belles-f1655992907,fig-tv-audience table
2026-05-30,Arte,Constantin le Grand : L'empereur de la nouvelle Rome,Documentaire,1ère partie de soirée,,Samedi,515000,,Non,Non,,"M6 - NCIS (4 403 000) | France 3 - Crimes à Cluny (3 843 000) | TF1 - The Voice, la plus belle voix (1 850 000) | France 2 - Qui restera dans la lumière ? (1 208 000) | France 5 - Echappées belles (864 000)",Non,Finale,,Documentaire / magazine,"3,5 %",6,https://tvmag.lefigaro.fr/programme-tv/audiences-tv/audiences-faible-score-pour-la-finale-de-the-voice-a-son-plus-bas-niveau-historique-20260531,2026-05-31,Oui,"Audiences : faible score pour la finale de «The Voice», à son plus bas niveau historique",https://tvmag.lefigaro.fr/programme-tv/programme/constantin-le-grand-l-empereur-de-la-nouvelle-rome-f1759480165,fig-tv-audience table
2026-05-30,6ter,Will Hunting,Film,1ère partie de soirée,,Samedi,433000,,Non,Non,,"M6 - NCIS (4 403 000) | France 3 - Crimes à Cluny (3 843 000) | TF1 - The Voice, la plus belle voix (1 850 000) | France 2 - Qui restera dans la lumière ? (1 208 000) | France 5 - Echappées belles (864 000)",Non,Finale,,Fiction,"3,3 %",7,https://tvmag.lefigaro.fr/programme-tv/audiences-tv/audiences-faible-score-pour-la-finale-de-the-voice-a-son-plus-bas-niveau-historique-20260531,2026-05-31,Oui,"Audiences : faible score pour la finale de «The Voice», à son plus bas niveau historique",https://tvmag.lefigaro.fr/programme-tv/programme/will-hunting-f141066836,fig-tv-audience table
2026-05-30,CSTAR,100 jours avec les CRS des autoroutes d'Aquitaine,Documentaire,1ère partie de soirée,,Samedi,258000,,Non,Non,,"M6 - NCIS (4 403 000) | France 3 - Crimes à Cluny (3 843 000) | TF1 - The Voice, la plus belle voix (1 850 000) | France 2 - Qui restera dans la lumière ? (1 208 000) | France 5 - Echappées belles (864 000)",Non,Finale,,Documentaire / magazine,"1,8 %",8,https://tvmag.lefigaro.fr/programme-tv/audiences-tv/audiences-faible-score-pour-la-finale-de-the-voice-a-son-plus-bas-niveau-historique-20260531,2026-05-31,Oui,"Audiences : faible score pour la finale de «The Voice», à son plus bas niveau historique",https://tvmag.lefigaro.fr/programme-tv/programme/100-jours-avec-les-crs-des-autoroutes-d-aquitaine-f2035467954,fig-tv-audience table
2026-05-30,TMC,New York Unité Spéciale,Série,1ère partie de soirée,,Samedi,259000,,Non,Non,,"M6 - NCIS (4 403 000) | France 3 - Crimes à Cluny (3 843 000) | TF1 - The Voice, la plus belle voix (1 850 000) | France 2 - Qui restera dans la lumière ? (1 208 000) | France 5 - Echappées belles (864 000)",Non,Finale,,Fiction,"1,7 %",9,https://tvmag.lefigaro.fr/programme-tv/audiences-tv/audiences-faible-score-pour-la-finale-de-the-voice-a-son-plus-bas-niveau-historique-20260531,2026-05-31,Oui,"Audiences : faible score pour la finale de «The Voice», à son plus bas niveau historique",https://tvmag.lefigaro.fr/programme-tv/programme/new-york-unite-speciale-f326800259,fig-tv-audience table
2026-05-30,TFX,Chroniques criminelles,Magazine,1ère partie de soirée,,Samedi,246000,,Non,Non,,"M6 - NCIS (4 403 000) | France 3 - Crimes à Cluny (3 843 000) | TF1 - The Voice, la plus belle voix (1 850 000) | France 2 - Qui restera dans la lumière ? (1 208 000) | France 5 - Echappées belles (864 000)",Non,Finale,,Documentaire / magazine,"1,7 %",10,https://tvmag.lefigaro.fr/programme-tv/audiences-tv/audiences-faible-score-pour-la-finale-de-the-voice-a-son-plus-bas-niveau-historique-20260531,2026-05-31,Oui,"Audiences : faible score pour la finale de «The Voice», à son plus bas niveau historique",https://tvmag.lefigaro.fr/programme-tv/programme/chroniques-criminelles-f1574895877,fig-tv-audience table
2026-05-30,W9,La petite histoire de France,Documentaire,1ère partie de soirée,,Samedi,250000,,Non,Non,,"M6 - NCIS (4 403 000) | France 3 - Crimes à Cluny (3 843 000) | TF1 - The Voice, la plus belle voix (1 850 000) | France 2 - Qui restera dans la lumière ? (1 208 000) | France 5 - Echappées belles (864 000)",Non,Finale,,Documentaire / magazine,"1,5 %",11,https://tvmag.lefigaro.fr/programme-tv/audiences-tv/audiences-faible-score-pour-la-finale-de-the-voice-a-son-plus-bas-niveau-historique-20260531,2026-05-31,Oui,"Audiences : faible score pour la finale de «The Voice», à son plus bas niveau historique",https://tvmag.lefigaro.fr/programme-tv/programme/la-petite-histoire-de-france-f1663464104,fig-tv-audience table
2026-05-30,Chérie 25,Inside McDo : un an dans le restaurant n°1 en France,Documentaire,1ère partie de soirée,,Samedi,123000,,Non,Non,,"M6 - NCIS (4 403 000) | France 3 - Crimes à Cluny (3 843 000) | TF1 - The Voice, la plus belle voix (1 850 000) | France 2 - Qui restera dans la lumière ? (1 208 000) | France 5 - Echappées belles (864 000)",Non,Finale,,Documentaire / magazine,"0,9 %",12,https://tvmag.lefigaro.fr/programme-tv/audiences-tv/audiences-faible-score-pour-la-finale-de-the-voice-a-son-plus-bas-niveau-historique-20260531,2026-05-31,Oui,"Audiences : faible score pour la finale de «The Voice», à son plus bas niveau historique",https://tvmag.lefigaro.fr/programme-tv/programme/inside-mcdo-un-an-dans-le-restaurant-n-1-en-france-f597779712,fig-tv-audience table
2026-05-30,Gulli,99 à battre,Divertissement,1ère partie de soirée,,Samedi,117000,,Non,Non,,"M6 - NCIS (4 403 000) | France 3 - Crimes à Cluny (3 843 000) | TF1 - The Voice, la plus belle voix (1 850 000) | France 2 - Qui restera dans la lumière ? (1 208 000) | France 5 - Echappées belles (864 000)",Non,Finale,,Divertissement,"0,8 %",13,https://tvmag.lefigaro.fr/programme-tv/audiences-tv/audiences-faible-score-pour-la-finale-de-the-voice-a-son-plus-bas-niveau-historique-20260531,2026-05-31,Oui,"Audiences : faible score pour la finale de «The Voice», à son plus bas niveau historique",https://tvmag.lefigaro.fr/programme-tv/programme/99-a-battre-f1048665439,fig-tv-audience table
2026-05-30,TF1 Séries Films,"Joséphine, ange gardien",Série,1ère partie de soirée,,Samedi,129000,,Non,Non,,"M6 - NCIS (4 403 000) | France 3 - Crimes à Cluny (3 843 000) | TF1 - The Voice, la plus belle voix (1 850 000) | France 2 - Qui restera dans la lumière ? (1 208 000) | France 5 - Echappées belles (864 000)",Non,Finale,,Fiction,"0,8 %",14,https://tvmag.lefigaro.fr/programme-tv/audiences-tv/audiences-faible-score-pour-la-finale-de-the-voice-a-son-plus-bas-niveau-historique-20260531,2026-05-31,Oui,"Audiences : faible score pour la finale de «The Voice», à son plus bas niveau historique",https://tvmag.lefigaro.fr/programme-tv/programme/josephine-ange-gardien-f1915726801,fig-tv-audience table
2026-05-30,RMC Story,Big Bang Theory,Série,1ère partie de soirée,,Samedi,131000,,Non,Non,,"M6 - NCIS (4 403 000) | France 3 - Crimes à Cluny (3 843 000) | TF1 - The Voice, la plus belle voix (1 850 000) | France 2 - Qui restera dans la lumière ? (1 208 000) | France 5 - Echappées belles (864 000)",Non,Finale,,Fiction,"0,8 %",15,https://tvmag.lefigaro.fr/programme-tv/audiences-tv/audiences-faible-score-pour-la-finale-de-the-voice-a-son-plus-bas-niveau-historique-20260531,2026-05-31,Oui,"Audiences : faible score pour la finale de «The Voice», à son plus bas niveau historique",https://tvmag.lefigaro.fr/programme-tv/programme/big-bang-theory-f215778234,fig-tv-audience table
2026-05-30,RMC Découverte,Le mystère d'Oak Island,Documentaire,1ère partie de soirée,,Samedi,124000,,Non,Non,,"M6 - NCIS (4 403 000) | France 3 - Crimes à Cluny (3 843 000) | TF1 - The Voice, la plus belle voix (1 850 000) | France 2 - Qui restera dans la lumière ? (1 208 000) | France 5 - Echappées belles (864 000)",Non,Finale,,Documentaire / magazine,"0,8 %",16,https://tvmag.lefigaro.fr/programme-tv/audiences-tv/audiences-faible-score-pour-la-finale-de-the-voice-a-son-plus-bas-niveau-historique-20260531,2026-05-31,Oui,"Audiences : faible score pour la finale de «The Voice», à son plus bas niveau historique",https://tvmag.lefigaro.fr/programme-tv/programme/le-mystere-d-oak-island-f483628133,fig-tv-audience table
2026-05-29,France 2,Haute saison,Série,1ère partie de soirée,,Vendredi,3052000,Leader,Non,Non,,TF1 - Mask Singer (2 048 000) | France 3 - Famille je vous aime (881 000) | France 5 - Max et les ferrailleurs (635 000) | M6 - Cauchemar en cuisine (660 000) | Arte - Ingo Thiel : Présumée disparue (599 000),Non,,,Fiction,"28,4 %",1,https://tvmag.lefigaro.fr/programme-tv/audiences-tv/audiences-catastrophe-pour-cauchemar-en-cuisine-sur-m6-battue-par-france-5-20260530,2026-05-30,Oui,"Audiences : catastrophe pour «Cauchemar en cuisine» sur M6, battue par France 5",https://tvmag.lefigaro.fr/programme-tv/programme/haute-saison-f1235443508,fig-tv-audience table
2026-05-29,TF1,Mask Singer,Divertissement,1ère partie de soirée,,Vendredi,2048000,,Non,Non,,France 2 - Haute saison (3 052 000) | France 3 - Famille je vous aime (881 000) | France 5 - Max et les ferrailleurs (635 000) | M6 - Cauchemar en cuisine (660 000) | Arte - Ingo Thiel : Présumée disparue (599 000),Non,Saison 9,,Divertissement,"19,3 %",2,https://tvmag.lefigaro.fr/programme-tv/audiences-tv/audiences-catastrophe-pour-cauchemar-en-cuisine-sur-m6-battue-par-france-5-20260530,2026-05-30,Oui,"Audiences : catastrophe pour «Cauchemar en cuisine» sur M6, battue par France 5",https://tvmag.lefigaro.fr/programme-tv/programme/mask-singer-f1041953763,fig-tv-audience table
2026-05-29,France 3,Famille je vous aime,Divertissement,1ère partie de soirée,,Vendredi,881000,,Non,Non,,France 2 - Haute saison (3 052 000) | TF1 - Mask Singer (2 048 000) | France 5 - Max et les ferrailleurs (635 000) | M6 - Cauchemar en cuisine (660 000) | Arte - Ingo Thiel : Présumée disparue (599 000),Non,,,Divertissement,"9,0 %",3,https://tvmag.lefigaro.fr/programme-tv/audiences-tv/audiences-catastrophe-pour-cauchemar-en-cuisine-sur-m6-battue-par-france-5-20260530,2026-05-30,Oui,"Audiences : catastrophe pour «Cauchemar en cuisine» sur M6, battue par France 5",https://tvmag.lefigaro.fr/programme-tv/programme/famille-je-vous-aime-f407120246,fig-tv-audience table
2026-05-29,France 5,Max et les ferrailleurs,Film,1ère partie de soirée,,Vendredi,635000,Leader,Non,Non,,France 2 - Haute saison (3 052 000) | TF1 - Mask Singer (2 048 000) | France 3 - Famille je vous aime (881 000) | M6 - Cauchemar en cuisine (660 000) | Arte - Ingo Thiel : Présumée disparue (599 000),Non,,,Fiction,"6,1 %",4,https://tvmag.lefigaro.fr/programme-tv/audiences-tv/audiences-catastrophe-pour-cauchemar-en-cuisine-sur-m6-battue-par-france-5-20260530,2026-05-30,Oui,"Audiences : catastrophe pour «Cauchemar en cuisine» sur M6, battue par France 5",https://tvmag.lefigaro.fr/programme-tv/programme/max-et-les-ferrailleurs-f1899977558,fig-tv-audience table
2026-05-29,M6,Cauchemar en cuisine,Divertissement,1ère partie de soirée,,Vendredi,660000,Flop,Non,Non,,France 2 - Haute saison (3 052 000) | TF1 - Mask Singer (2 048 000) | France 3 - Famille je vous aime (881 000) | France 5 - Max et les ferrailleurs (635 000) | Arte - Ingo Thiel : Présumée disparue (599 000),Non,,,Divertissement,"6,1 %",5,https://tvmag.lefigaro.fr/programme-tv/audiences-tv/audiences-catastrophe-pour-cauchemar-en-cuisine-sur-m6-battue-par-france-5-20260530,2026-05-30,Oui,"Audiences : catastrophe pour «Cauchemar en cuisine» sur M6, battue par France 5",https://tvmag.lefigaro.fr/programme-tv/programme/cauchemar-en-cuisine-f1179323027,fig-tv-audience table
2026-05-29,Arte,Ingo Thiel : Présumée disparue,Série,1ère partie de soirée,,Vendredi,599000,,Non,Non,,France 2 - Haute saison (3 052 000) | TF1 - Mask Singer (2 048 000) | France 3 - Famille je vous aime (881 000) | France 5 - Max et les ferrailleurs (635 000) | M6 - Cauchemar en cuisine (660 000),Non,,,Fiction,"5,6 %",6,https://tvmag.lefigaro.fr/programme-tv/audiences-tv/audiences-catastrophe-pour-cauchemar-en-cuisine-sur-m6-battue-par-france-5-20260530,2026-05-30,Oui,"Audiences : catastrophe pour «Cauchemar en cuisine» sur M6, battue par France 5",https://tvmag.lefigaro.fr/programme-tv/programme/ingo-thiel-presumee-disparue-f1920225734,fig-tv-audience table
2026-05-29,W9,Enquête d'action,Magazine,1ère partie de soirée,,Vendredi,405000,,Non,Non,,France 2 - Haute saison (3 052 000) | TF1 - Mask Singer (2 048 000) | France 3 - Famille je vous aime (881 000) | France 5 - Max et les ferrailleurs (635 000) | M6 - Cauchemar en cuisine (660 000),Non,,,Documentaire / magazine,"3,8 %",7,https://tvmag.lefigaro.fr/programme-tv/audiences-tv/audiences-catastrophe-pour-cauchemar-en-cuisine-sur-m6-battue-par-france-5-20260530,2026-05-30,Oui,"Audiences : catastrophe pour «Cauchemar en cuisine» sur M6, battue par France 5",https://tvmag.lefigaro.fr/programme-tv/programme/enquete-d-action-f2136165122,fig-tv-audience table
2026-05-29,RMC Découverte,J'irai dormir chez vous,Magazine,1ère partie de soirée,,Vendredi,354000,,Non,Non,,France 2 - Haute saison (3 052 000) | TF1 - Mask Singer (2 048 000) | France 3 - Famille je vous aime (881 000) | France 5 - Max et les ferrailleurs (635 000) | M6 - Cauchemar en cuisine (660 000),Non,,,Documentaire / magazine,"3,5 %",8,https://tvmag.lefigaro.fr/programme-tv/audiences-tv/audiences-catastrophe-pour-cauchemar-en-cuisine-sur-m6-battue-par-france-5-20260530,2026-05-30,Oui,"Audiences : catastrophe pour «Cauchemar en cuisine» sur M6, battue par France 5",https://tvmag.lefigaro.fr/programme-tv/programme/j-irai-dormir-chez-vous-f2095146890,fig-tv-audience table
2026-05-29,Gulli,Les aventures extraordinaires d'Adèle Blanc-Sec,Film,1ère partie de soirée,,Vendredi,338000,,Non,Non,,France 2 - Haute saison (3 052 000) | TF1 - Mask Singer (2 048 000) | France 3 - Famille je vous aime (881 000) | France 5 - Max et les ferrailleurs (635 000) | M6 - Cauchemar en cuisine (660 000),Non,,,Fiction,"3,3 %",9,https://tvmag.lefigaro.fr/programme-tv/audiences-tv/audiences-catastrophe-pour-cauchemar-en-cuisine-sur-m6-battue-par-france-5-20260530,2026-05-30,Oui,"Audiences : catastrophe pour «Cauchemar en cuisine» sur M6, battue par France 5",https://tvmag.lefigaro.fr/programme-tv/programme/les-aventures-extraordinaires-d-adele-blanc-sec-f916023653,fig-tv-audience table
2026-05-29,TF1 Séries Films,New York Unité Spéciale,Série,1ère partie de soirée,,Vendredi,345000,,Non,Non,,France 2 - Haute saison (3 052 000) | TF1 - Mask Singer (2 048 000) | France 3 - Famille je vous aime (881 000) | France 5 - Max et les ferrailleurs (635 000) | M6 - Cauchemar en cuisine (660 000),Non,,,Fiction,"3,3 %",10,https://tvmag.lefigaro.fr/programme-tv/audiences-tv/audiences-catastrophe-pour-cauchemar-en-cuisine-sur-m6-battue-par-france-5-20260530,2026-05-30,Oui,"Audiences : catastrophe pour «Cauchemar en cuisine» sur M6, battue par France 5",https://tvmag.lefigaro.fr/programme-tv/programme/new-york-unite-speciale-f1450282836,fig-tv-audience table
2026-05-29,TMC,CoeXister,Film,1ère partie de soirée,,Vendredi,257000,,Non,Non,,France 2 - Haute saison (3 052 000) | TF1 - Mask Singer (2 048 000) | France 3 - Famille je vous aime (881 000) | France 5 - Max et les ferrailleurs (635 000) | M6 - Cauchemar en cuisine (660 000),Non,,,Fiction,"2,6 %",11,https://tvmag.lefigaro.fr/programme-tv/audiences-tv/audiences-catastrophe-pour-cauchemar-en-cuisine-sur-m6-battue-par-france-5-20260530,2026-05-30,Oui,"Audiences : catastrophe pour «Cauchemar en cuisine» sur M6, battue par France 5",https://tvmag.lefigaro.fr/programme-tv/programme/coexister-f422921415,fig-tv-audience table
2026-05-29,TFX,La Mécanique de l'ombre,Film,1ère partie de soirée,,Vendredi,263000,,Non,Non,,France 2 - Haute saison (3 052 000) | TF1 - Mask Singer (2 048 000) | France 3 - Famille je vous aime (881 000) | France 5 - Max et les ferrailleurs (635 000) | M6 - Cauchemar en cuisine (660 000),Non,,,Fiction,"2,6 %",12,https://tvmag.lefigaro.fr/programme-tv/audiences-tv/audiences-catastrophe-pour-cauchemar-en-cuisine-sur-m6-battue-par-france-5-20260530,2026-05-30,Oui,"Audiences : catastrophe pour «Cauchemar en cuisine» sur M6, battue par France 5",https://tvmag.lefigaro.fr/programme-tv/programme/la-mecanique-de-l-ombre-f117521215,fig-tv-audience table
2026-05-29,6ter,Hawaii 5-0,Série,1ère partie de soirée,,Vendredi,187000,,Non,Non,,France 2 - Haute saison (3 052 000) | TF1 - Mask Singer (2 048 000) | France 3 - Famille je vous aime (881 000) | France 5 - Max et les ferrailleurs (635 000) | M6 - Cauchemar en cuisine (660 000),Non,,,Fiction,"1,8 %",13,https://tvmag.lefigaro.fr/programme-tv/audiences-tv/audiences-catastrophe-pour-cauchemar-en-cuisine-sur-m6-battue-par-france-5-20260530,2026-05-30,Oui,"Audiences : catastrophe pour «Cauchemar en cuisine» sur M6, battue par France 5",https://tvmag.lefigaro.fr/programme-tv/programme/hawaii-5-0-f1487282064,fig-tv-audience table
2026-05-29,RMC Story,"Le Bigdil, le retour évènement",Divertissement,1ère partie de soirée,,Vendredi,181000,,Non,Non,,France 2 - Haute saison (3 052 000) | TF1 - Mask Singer (2 048 000) | France 3 - Famille je vous aime (881 000) | France 5 - Max et les ferrailleurs (635 000) | M6 - Cauchemar en cuisine (660 000),Non,,,Divertissement,"1,8 %",14,https://tvmag.lefigaro.fr/programme-tv/audiences-tv/audiences-catastrophe-pour-cauchemar-en-cuisine-sur-m6-battue-par-france-5-20260530,2026-05-30,Oui,"Audiences : catastrophe pour «Cauchemar en cuisine» sur M6, battue par France 5",https://tvmag.lefigaro.fr/programme-tv/programme/le-bigdil-le-retour-evenement-f373253128,fig-tv-audience table
2026-05-29,Chérie 25,"Beauval, au plus près des animaux",Documentaire,1ère partie de soirée,,Vendredi,164000,,Non,Non,,France 2 - Haute saison (3 052 000) | TF1 - Mask Singer (2 048 000) | France 3 - Famille je vous aime (881 000) | France 5 - Max et les ferrailleurs (635 000) | M6 - Cauchemar en cuisine (660 000),Non,,,Documentaire / magazine,"1,5 %",15,https://tvmag.lefigaro.fr/programme-tv/audiences-tv/audiences-catastrophe-pour-cauchemar-en-cuisine-sur-m6-battue-par-france-5-20260530,2026-05-30,Oui,"Audiences : catastrophe pour «Cauchemar en cuisine» sur M6, battue par France 5",https://tvmag.lefigaro.fr/programme-tv/programme/beauval-au-plus-pres-des-animaux-f645628882,fig-tv-audience table
2026-05-29,CSTAR,Puy du Fou : coulisses et secrets du nouveau spectacle,Documentaire,1ère partie de soirée,,Vendredi,143000,,Non,Non,,France 2 - Haute saison (3 052 000) | TF1 - Mask Singer (2 048 000) | France 3 - Famille je vous aime (881 000) | France 5 - Max et les ferrailleurs (635 000) | M6 - Cauchemar en cuisine (660 000),Non,,,Documentaire / magazine,"1,4 %",16,https://tvmag.lefigaro.fr/programme-tv/audiences-tv/audiences-catastrophe-pour-cauchemar-en-cuisine-sur-m6-battue-par-france-5-20260530,2026-05-30,Oui,"Audiences : catastrophe pour «Cauchemar en cuisine» sur M6, battue par France 5",https://tvmag.lefigaro.fr/programme-tv/programme/puy-du-fou-coulisses-et-secrets-du-nouveau-spectacle-f1904358430,fig-tv-audience table
2026-05-28,France 3,Meurtres à...,Série,1ère partie de soirée,,Jeudi,2944000,,Non,Non,,TF1 - Balle perdue 2 (1 737 000) | France 2 - Envoyé spécial (1 158 000) | TMC - Mon Coluche à moi (1 101 000) | M6 - A quel prix ? (1 028 000) | France 5 - Mystères du système solaire (756 000),Non,,,Fiction,"26,0 %",1,https://tvmag.lefigaro.fr/programme-tv/audiences-tv/audiences-france-3-leader-avec-meurtres-a-m6-derriere-tmc-avec-julien-courbet-20260529,2026-05-29,Oui,"Audiences : France 3 leader avec Meurtres à , M6 derrière TMC avec Julien Courbet",https://tvmag.lefigaro.fr/programme-tv/programme/meurtres-a-f806579471,fig-tv-audience table
2026-05-28,TF1,Balle perdue 2,Film,1ère partie de soirée,,Jeudi,1737000,,Non,Non,,France 3 - Meurtres à... (2 944 000) | France 2 - Envoyé spécial (1 158 000) | TMC - Mon Coluche à moi (1 101 000) | M6 - A quel prix ? (1 028 000) | France 5 - Mystères du système solaire (756 000),Non,,,Fiction,"15,9 %",2,https://tvmag.lefigaro.fr/programme-tv/audiences-tv/audiences-france-3-leader-avec-meurtres-a-m6-derriere-tmc-avec-julien-courbet-20260529,2026-05-29,Oui,"Audiences : France 3 leader avec Meurtres à , M6 derrière TMC avec Julien Courbet",https://tvmag.lefigaro.fr/programme-tv/programme/balle-perdue-2-f2014742967,fig-tv-audience table
2026-05-28,France 2,Envoyé spécial,Magazine,1ère partie de soirée,,Jeudi,1158000,,Non,Non,,France 3 - Meurtres à... (2 944 000) | TF1 - Balle perdue 2 (1 737 000) | TMC - Mon Coluche à moi (1 101 000) | M6 - A quel prix ? (1 028 000) | France 5 - Mystères du système solaire (756 000),Non,,,Documentaire / magazine,"10,4 %",3,https://tvmag.lefigaro.fr/programme-tv/audiences-tv/audiences-france-3-leader-avec-meurtres-a-m6-derriere-tmc-avec-julien-courbet-20260529,2026-05-29,Oui,"Audiences : France 3 leader avec Meurtres à , M6 derrière TMC avec Julien Courbet",https://tvmag.lefigaro.fr/programme-tv/programme/envoye-special-f31521627,fig-tv-audience table
2026-05-28,TMC,Mon Coluche à moi,Documentaire,1ère partie de soirée,,Jeudi,1101000,,Non,Non,,France 3 - Meurtres à... (2 944 000) | TF1 - Balle perdue 2 (1 737 000) | France 2 - Envoyé spécial (1 158 000) | M6 - A quel prix ? (1 028 000) | France 5 - Mystères du système solaire (756 000),Non,,,Documentaire / magazine,"9,3 %",4,https://tvmag.lefigaro.fr/programme-tv/audiences-tv/audiences-france-3-leader-avec-meurtres-a-m6-derriere-tmc-avec-julien-courbet-20260529,2026-05-29,Oui,"Audiences : France 3 leader avec Meurtres à , M6 derrière TMC avec Julien Courbet",https://tvmag.lefigaro.fr/programme-tv/programme/mon-coluche-a-moi-f1860953132,fig-tv-audience table
2026-05-28,M6,A quel prix ?,Film,1ère partie de soirée,,Jeudi,1028000,,Non,Non,,France 3 - Meurtres à... (2 944 000) | TF1 - Balle perdue 2 (1 737 000) | France 2 - Envoyé spécial (1 158 000) | TMC - Mon Coluche à moi (1 101 000) | France 5 - Mystères du système solaire (756 000),Non,,,Fiction,"8,6 %",5,https://tvmag.lefigaro.fr/programme-tv/audiences-tv/audiences-france-3-leader-avec-meurtres-a-m6-derriere-tmc-avec-julien-courbet-20260529,2026-05-29,Oui,"Audiences : France 3 leader avec Meurtres à , M6 derrière TMC avec Julien Courbet",https://tvmag.lefigaro.fr/programme-tv/programme/a-quel-prix-f1524216421,fig-tv-audience table
2026-05-28,France 5,Mystères du système solaire,Documentaire,1ère partie de soirée,,Jeudi,756000,,Non,Non,,France 3 - Meurtres à... (2 944 000) | TF1 - Balle perdue 2 (1 737 000) | France 2 - Envoyé spécial (1 158 000) | TMC - Mon Coluche à moi (1 101 000) | M6 - A quel prix ? (1 028 000),Non,,,Documentaire / magazine,"6,4 %",6,https://tvmag.lefigaro.fr/programme-tv/audiences-tv/audiences-france-3-leader-avec-meurtres-a-m6-derriere-tmc-avec-julien-courbet-20260529,2026-05-29,Oui,"Audiences : France 3 leader avec Meurtres à , M6 derrière TMC avec Julien Courbet",https://tvmag.lefigaro.fr/programme-tv/programme/mysteres-du-systeme-solaire-f107953484,fig-tv-audience table
2026-05-28,W9,Y'a que la vérité qui compte,Divertissement,1ère partie de soirée,,Jeudi,615000,,Non,Non,,France 3 - Meurtres à... (2 944 000) | TF1 - Balle perdue 2 (1 737 000) | France 2 - Envoyé spécial (1 158 000) | TMC - Mon Coluche à moi (1 101 000) | M6 - A quel prix ? (1 028 000),Non,,,Divertissement,"5,3 %",7,https://tvmag.lefigaro.fr/programme-tv/audiences-tv/audiences-france-3-leader-avec-meurtres-a-m6-derriere-tmc-avec-julien-courbet-20260529,2026-05-29,Oui,"Audiences : France 3 leader avec Meurtres à , M6 derrière TMC avec Julien Courbet",https://tvmag.lefigaro.fr/programme-tv/programme/y-a-que-la-verite-qui-compte-f1979589690,fig-tv-audience table
2026-05-28,TFX,Prête-moi ta main,Film,1ère partie de soirée,,Jeudi,441000,,Non,Non,,France 3 - Meurtres à... (2 944 000) | TF1 - Balle perdue 2 (1 737 000) | France 2 - Envoyé spécial (1 158 000) | TMC - Mon Coluche à moi (1 101 000) | M6 - A quel prix ? (1 028 000),Non,,,Fiction,"3,9 %",8,https://tvmag.lefigaro.fr/programme-tv/audiences-tv/audiences-france-3-leader-avec-meurtres-a-m6-derriere-tmc-avec-julien-courbet-20260529,2026-05-29,Oui,"Audiences : France 3 leader avec Meurtres à , M6 derrière TMC avec Julien Courbet",https://tvmag.lefigaro.fr/programme-tv/programme/prete-moi-ta-main-f1086655944,fig-tv-audience table
2026-05-28,TF1 Séries Films,"New York, section criminelle",Série,1ère partie de soirée,,Jeudi,429000,,Non,Non,,France 3 - Meurtres à... (2 944 000) | TF1 - Balle perdue 2 (1 737 000) | France 2 - Envoyé spécial (1 158 000) | TMC - Mon Coluche à moi (1 101 000) | M6 - A quel prix ? (1 028 000),Non,,,Fiction,"3,6 %",9,https://tvmag.lefigaro.fr/programme-tv/audiences-tv/audiences-france-3-leader-avec-meurtres-a-m6-derriere-tmc-avec-julien-courbet-20260529,2026-05-29,Oui,"Audiences : France 3 leader avec Meurtres à , M6 derrière TMC avec Julien Courbet",https://tvmag.lefigaro.fr/programme-tv/programme/new-york-section-criminelle-f1724083066,fig-tv-audience table
2026-05-28,Arte,Etty,Série,1ère partie de soirée,,Jeudi,240000,,Non,Non,,France 3 - Meurtres à... (2 944 000) | TF1 - Balle perdue 2 (1 737 000) | France 2 - Envoyé spécial (1 158 000) | TMC - Mon Coluche à moi (1 101 000) | M6 - A quel prix ? (1 028 000),Non,,,Fiction,"2,1 %",10,https://tvmag.lefigaro.fr/programme-tv/audiences-tv/audiences-france-3-leader-avec-meurtres-a-m6-derriere-tmc-avec-julien-courbet-20260529,2026-05-29,Oui,"Audiences : France 3 leader avec Meurtres à , M6 derrière TMC avec Julien Courbet",https://tvmag.lefigaro.fr/programme-tv/programme/etty-f110958016,fig-tv-audience table
2026-05-28,CSTAR,Au coeur de l'enquête,Documentaire,1ère partie de soirée,,Jeudi,220000,,Non,Non,,France 3 - Meurtres à... (2 944 000) | TF1 - Balle perdue 2 (1 737 000) | France 2 - Envoyé spécial (1 158 000) | TMC - Mon Coluche à moi (1 101 000) | M6 - A quel prix ? (1 028 000),Non,,,Documentaire / magazine,"1,9 %",11,https://tvmag.lefigaro.fr/programme-tv/audiences-tv/audiences-france-3-leader-avec-meurtres-a-m6-derriere-tmc-avec-julien-courbet-20260529,2026-05-29,Oui,"Audiences : France 3 leader avec Meurtres à , M6 derrière TMC avec Julien Courbet",https://tvmag.lefigaro.fr/programme-tv/programme/au-coeur-de-l-enquete-f1553476475,fig-tv-audience table
2026-05-28,RMC Story,La folie du camping-car : des vacances pas comme les autres,Documentaire,1ère partie de soirée,,Jeudi,204000,,Non,Non,,France 3 - Meurtres à... (2 944 000) | TF1 - Balle perdue 2 (1 737 000) | France 2 - Envoyé spécial (1 158 000) | TMC - Mon Coluche à moi (1 101 000) | M6 - A quel prix ? (1 028 000),Non,,,Documentaire / magazine,"1,8 %",12,https://tvmag.lefigaro.fr/programme-tv/audiences-tv/audiences-france-3-leader-avec-meurtres-a-m6-derriere-tmc-avec-julien-courbet-20260529,2026-05-29,Oui,"Audiences : France 3 leader avec Meurtres à , M6 derrière TMC avec Julien Courbet",https://tvmag.lefigaro.fr/programme-tv/programme/la-folie-du-camping-car-des-vacances-pas-comme-les-autres-f382076423,fig-tv-audience table
2026-05-28,RMC Découverte,Vintage Mecanic,Documentaire,1ère partie de soirée,,Jeudi,171000,,Non,Non,,France 3 - Meurtres à... (2 944 000) | TF1 - Balle perdue 2 (1 737 000) | France 2 - Envoyé spécial (1 158 000) | TMC - Mon Coluche à moi (1 101 000) | M6 - A quel prix ? (1 028 000),Non,,,Documentaire / magazine,"1,5 %",13,https://tvmag.lefigaro.fr/programme-tv/audiences-tv/audiences-france-3-leader-avec-meurtres-a-m6-derriere-tmc-avec-julien-courbet-20260529,2026-05-29,Oui,"Audiences : France 3 leader avec Meurtres à , M6 derrière TMC avec Julien Courbet",https://tvmag.lefigaro.fr/programme-tv/programme/vintage-mecanic-f913291680,fig-tv-audience table
2026-05-28,6ter,Vive le camping,Documentaire,1ère partie de soirée,,Jeudi,142000,,Non,Non,,France 3 - Meurtres à... (2 944 000) | TF1 - Balle perdue 2 (1 737 000) | France 2 - Envoyé spécial (1 158 000) | TMC - Mon Coluche à moi (1 101 000) | M6 - A quel prix ? (1 028 000),Non,,,Documentaire / magazine,"1,4 %",14,https://tvmag.lefigaro.fr/programme-tv/audiences-tv/audiences-france-3-leader-avec-meurtres-a-m6-derriere-tmc-avec-julien-courbet-20260529,2026-05-29,Oui,"Audiences : France 3 leader avec Meurtres à , M6 derrière TMC avec Julien Courbet",https://tvmag.lefigaro.fr/programme-tv/programme/vive-le-camping-f1435808623,fig-tv-audience table
2026-05-28,Chérie 25,Fringe,Série,1ère partie de soirée,,Jeudi,130000,,Non,Non,,France 3 - Meurtres à... (2 944 000) | TF1 - Balle perdue 2 (1 737 000) | France 2 - Envoyé spécial (1 158 000) | TMC - Mon Coluche à moi (1 101 000) | M6 - A quel prix ? (1 028 000),Non,,,Fiction,"1,1 %",15,https://tvmag.lefigaro.fr/programme-tv/audiences-tv/audiences-france-3-leader-avec-meurtres-a-m6-derriere-tmc-avec-julien-courbet-20260529,2026-05-29,Oui,"Audiences : France 3 leader avec Meurtres à , M6 derrière TMC avec Julien Courbet",https://tvmag.lefigaro.fr/programme-tv/programme/fringe-f1105418775,fig-tv-audience table
2026-05-28,Gulli,Tous fous de concours insolites,Divertissement,1ère partie de soirée,,Jeudi,57000,,Non,Non,,France 3 - Meurtres à... (2 944 000) | TF1 - Balle perdue 2 (1 737 000) | France 2 - Envoyé spécial (1 158 000) | TMC - Mon Coluche à moi (1 101 000) | M6 - A quel prix ? (1 028 000),Non,,,Divertissement,"0,6 %",16,https://tvmag.lefigaro.fr/programme-tv/audiences-tv/audiences-france-3-leader-avec-meurtres-a-m6-derriere-tmc-avec-julien-courbet-20260529,2026-05-29,Oui,"Audiences : France 3 leader avec Meurtres à , M6 derrière TMC avec Julien Courbet",https://tvmag.lefigaro.fr/programme-tv/programme/tous-fous-de-concours-insolites-f1448903889,fig-tv-audience table
2026-05-27,France 2,L'or bleu,Série,1ère partie de soirée,,Mercredi,2505000,,Non,Non,,TF1 - Grey's Anatomy (1 749 000) | M6 - Top chef (1 507 000) | France 3 - Apocalypse : Les débarquements (1 264 000) | TMC - Retour vers le futur 3 (922 000) | Arte - Benedetta (869 000),Non,,,Fiction,"19,5 %",1,https://tvmag.lefigaro.fr/programme-tv/audiences-tv/audiences-l-or-bleu-en-forte-baisse-sur-france-2-20260528,2026-05-28,Oui,Audiences : L’Or bleu en forte baisse sur France 2,https://tvmag.lefigaro.fr/programme-tv/programme/l-or-bleu-f954549284,fig-tv-audience table
2026-05-27,TF1,Grey's Anatomy,Série,1ère partie de soirée,,Mercredi,1749000,,Non,Non,,France 2 - L'or bleu (2 505 000) | M6 - Top chef (1 507 000) | France 3 - Apocalypse : Les débarquements (1 264 000) | TMC - Retour vers le futur 3 (922 000) | Arte - Benedetta (869 000),Non,,,Fiction,"13,6 %",2,https://tvmag.lefigaro.fr/programme-tv/audiences-tv/audiences-l-or-bleu-en-forte-baisse-sur-france-2-20260528,2026-05-28,Oui,Audiences : L’Or bleu en forte baisse sur France 2,https://tvmag.lefigaro.fr/programme-tv/programme/grey-s-anatomy-f188891109,fig-tv-audience table
2026-05-27,M6,Top chef,Divertissement,1ère partie de soirée,,Mercredi,1507000,Finale,Non,Non,,France 2 - L'or bleu (2 505 000) | TF1 - Grey's Anatomy (1 749 000) | France 3 - Apocalypse : Les débarquements (1 264 000) | TMC - Retour vers le futur 3 (922 000) | Arte - Benedetta (869 000),Non,Finale,,Divertissement,"11,8 %",3,https://tvmag.lefigaro.fr/programme-tv/audiences-tv/audiences-l-or-bleu-en-forte-baisse-sur-france-2-20260528,2026-05-28,Oui,Audiences : L’Or bleu en forte baisse sur France 2,https://tvmag.lefigaro.fr/programme-tv/programme/top-chef-f1811162058,fig-tv-audience table
2026-05-27,France 3,Apocalypse : Les débarquements,Documentaire,1ère partie de soirée,,Mercredi,1264000,,Non,Non,,France 2 - L'or bleu (2 505 000) | TF1 - Grey's Anatomy (1 749 000) | M6 - Top chef (1 507 000) | TMC - Retour vers le futur 3 (922 000) | Arte - Benedetta (869 000),Non,,,Documentaire / magazine,"9,9 %",4,https://tvmag.lefigaro.fr/programme-tv/audiences-tv/audiences-l-or-bleu-en-forte-baisse-sur-france-2-20260528,2026-05-28,Oui,Audiences : L’Or bleu en forte baisse sur France 2,https://tvmag.lefigaro.fr/programme-tv/programme/apocalypse-les-debarquements-f1852695923,fig-tv-audience table
2026-05-27,TMC,Retour vers le futur 3,Film,1ère partie de soirée,,Mercredi,922000,,Non,Non,,France 2 - L'or bleu (2 505 000) | TF1 - Grey's Anatomy (1 749 000) | M6 - Top chef (1 507 000) | France 3 - Apocalypse : Les débarquements (1 264 000) | Arte - Benedetta (869 000),Non,,,Fiction,"8,6 %",5,https://tvmag.lefigaro.fr/programme-tv/audiences-tv/audiences-l-or-bleu-en-forte-baisse-sur-france-2-20260528,2026-05-28,Oui,Audiences : L’Or bleu en forte baisse sur France 2,https://tvmag.lefigaro.fr/programme-tv/programme/retour-vers-le-futur-3-f1451402454,fig-tv-audience table
2026-05-27,Arte,Benedetta,Film,1ère partie de soirée,,Mercredi,869000,,Non,Non,,France 2 - L'or bleu (2 505 000) | TF1 - Grey's Anatomy (1 749 000) | M6 - Top chef (1 507 000) | France 3 - Apocalypse : Les débarquements (1 264 000) | TMC - Retour vers le futur 3 (922 000),Non,,,Fiction,"7,3 %",6,https://tvmag.lefigaro.fr/programme-tv/audiences-tv/audiences-l-or-bleu-en-forte-baisse-sur-france-2-20260528,2026-05-28,Oui,Audiences : L’Or bleu en forte baisse sur France 2,https://tvmag.lefigaro.fr/programme-tv/programme/benedetta-f825286253,fig-tv-audience table
2026-05-27,W9,Enquêtes criminelles,Magazine,1ère partie de soirée,,Mercredi,742000,,Non,Non,,France 2 - L'or bleu (2 505 000) | TF1 - Grey's Anatomy (1 749 000) | M6 - Top chef (1 507 000) | France 3 - Apocalypse : Les débarquements (1 264 000) | TMC - Retour vers le futur 3 (922 000),Non,,,Documentaire / magazine,"6,0 %",7,https://tvmag.lefigaro.fr/programme-tv/audiences-tv/audiences-l-or-bleu-en-forte-baisse-sur-france-2-20260528,2026-05-28,Oui,Audiences : L’Or bleu en forte baisse sur France 2,https://tvmag.lefigaro.fr/programme-tv/programme/enquetes-criminelles-f1243696979,fig-tv-audience table
2026-05-27,TF1 Séries Films,Le grand restaurant,Film,1ère partie de soirée,,Mercredi,686000,,Non,Non,,France 2 - L'or bleu (2 505 000) | TF1 - Grey's Anatomy (1 749 000) | M6 - Top chef (1 507 000) | France 3 - Apocalypse : Les débarquements (1 264 000) | TMC - Retour vers le futur 3 (922 000),Non,,,Fiction,"5,5 %",8,https://tvmag.lefigaro.fr/programme-tv/audiences-tv/audiences-l-or-bleu-en-forte-baisse-sur-france-2-20260528,2026-05-28,Oui,Audiences : L’Or bleu en forte baisse sur France 2,https://tvmag.lefigaro.fr/programme-tv/programme/le-grand-restaurant-f1947478001,fig-tv-audience table
2026-05-27,CSTAR,Criminal Squad,Film,1ère partie de soirée,,Mercredi,387000,,Non,Non,,France 2 - L'or bleu (2 505 000) | TF1 - Grey's Anatomy (1 749 000) | M6 - Top chef (1 507 000) | France 3 - Apocalypse : Les débarquements (1 264 000) | TMC - Retour vers le futur 3 (922 000),Non,,,Fiction,"3,6 %",9,https://tvmag.lefigaro.fr/programme-tv/audiences-tv/audiences-l-or-bleu-en-forte-baisse-sur-france-2-20260528,2026-05-28,Oui,Audiences : L’Or bleu en forte baisse sur France 2,https://tvmag.lefigaro.fr/programme-tv/programme/criminal-squad-f391108422,fig-tv-audience table
2026-05-27,6ter,Fast & Furious : Tokyo Drift,Film,1ère partie de soirée,,Mercredi,330000,,Non,Non,,France 2 - L'or bleu (2 505 000) | TF1 - Grey's Anatomy (1 749 000) | M6 - Top chef (1 507 000) | France 3 - Apocalypse : Les débarquements (1 264 000) | TMC - Retour vers le futur 3 (922 000),Non,,,Fiction,"2,8 %",10,https://tvmag.lefigaro.fr/programme-tv/audiences-tv/audiences-l-or-bleu-en-forte-baisse-sur-france-2-20260528,2026-05-28,Oui,Audiences : L’Or bleu en forte baisse sur France 2,https://tvmag.lefigaro.fr/programme-tv/programme/fast-furious-tokyo-drift-f1155766832,fig-tv-audience table
2026-05-27,TFX,Cleaners les experts du ménage,Magazine,1ère partie de soirée,,Mercredi,322000,,Non,Non,,France 2 - L'or bleu (2 505 000) | TF1 - Grey's Anatomy (1 749 000) | M6 - Top chef (1 507 000) | France 3 - Apocalypse : Les débarquements (1 264 000) | TMC - Retour vers le futur 3 (922 000),Non,,,Documentaire / magazine,"2,7 %",11,https://tvmag.lefigaro.fr/programme-tv/audiences-tv/audiences-l-or-bleu-en-forte-baisse-sur-france-2-20260528,2026-05-28,Oui,Audiences : L’Or bleu en forte baisse sur France 2,https://tvmag.lefigaro.fr/programme-tv/programme/cleaners-les-experts-du-menage-f403355355,fig-tv-audience table
2026-05-27,RMC Story,La chute du Faucon noir,Film,1ère partie de soirée,,Mercredi,280000,,Non,Non,,France 2 - L'or bleu (2 505 000) | TF1 - Grey's Anatomy (1 749 000) | M6 - Top chef (1 507 000) | France 3 - Apocalypse : Les débarquements (1 264 000) | TMC - Retour vers le futur 3 (922 000),Non,,,Fiction,"2,7 %",12,https://tvmag.lefigaro.fr/programme-tv/audiences-tv/audiences-l-or-bleu-en-forte-baisse-sur-france-2-20260528,2026-05-28,Oui,Audiences : L’Or bleu en forte baisse sur France 2,https://tvmag.lefigaro.fr/programme-tv/programme/la-chute-du-faucon-noir-f1259391218,fig-tv-audience table
2026-05-27,France 5,La grande librairie,Magazine,1ère partie de soirée,,Mercredi,300000,,Non,Non,,France 2 - L'or bleu (2 505 000) | TF1 - Grey's Anatomy (1 749 000) | M6 - Top chef (1 507 000) | France 3 - Apocalypse : Les débarquements (1 264 000) | TMC - Retour vers le futur 3 (922 000),Non,,,Documentaire / magazine,"2,4 %",13,https://tvmag.lefigaro.fr/programme-tv/audiences-tv/audiences-l-or-bleu-en-forte-baisse-sur-france-2-20260528,2026-05-28,Oui,Audiences : L’Or bleu en forte baisse sur France 2,https://tvmag.lefigaro.fr/programme-tv/programme/la-grande-librairie-f1144042,fig-tv-audience table
2026-05-27,RMC Découverte,Flic story,Film,1ère partie de soirée,,Mercredi,190000,,Non,Non,,France 2 - L'or bleu (2 505 000) | TF1 - Grey's Anatomy (1 749 000) | M6 - Top chef (1 507 000) | France 3 - Apocalypse : Les débarquements (1 264 000) | TMC - Retour vers le futur 3 (922 000),Non,,,Fiction,"1,5 %",14,https://tvmag.lefigaro.fr/programme-tv/audiences-tv/audiences-l-or-bleu-en-forte-baisse-sur-france-2-20260528,2026-05-28,Oui,Audiences : L’Or bleu en forte baisse sur France 2,https://tvmag.lefigaro.fr/programme-tv/programme/flic-story-f1416663868,fig-tv-audience table
2026-05-27,Chérie 25,Cold Case,Série,1ère partie de soirée,,Mercredi,162000,,Non,Non,,France 2 - L'or bleu (2 505 000) | TF1 - Grey's Anatomy (1 749 000) | M6 - Top chef (1 507 000) | France 3 - Apocalypse : Les débarquements (1 264 000) | TMC - Retour vers le futur 3 (922 000),Non,,,Fiction,"1,3 %",15,https://tvmag.lefigaro.fr/programme-tv/audiences-tv/audiences-l-or-bleu-en-forte-baisse-sur-france-2-20260528,2026-05-28,Oui,Audiences : L’Or bleu en forte baisse sur France 2,https://tvmag.lefigaro.fr/programme-tv/programme/cold-case-f748610737,fig-tv-audience table
2026-05-27,Gulli,The Middle,Série,1ère partie de soirée,,Mercredi,112000,,Non,Non,,France 2 - L'or bleu (2 505 000) | TF1 - Grey's Anatomy (1 749 000) | M6 - Top chef (1 507 000) | France 3 - Apocalypse : Les débarquements (1 264 000) | TMC - Retour vers le futur 3 (922 000),Non,,,Fiction,"0,9 %",16,https://tvmag.lefigaro.fr/programme-tv/audiences-tv/audiences-l-or-bleu-en-forte-baisse-sur-france-2-20260528,2026-05-28,Oui,Audiences : L’Or bleu en forte baisse sur France 2,https://tvmag.lefigaro.fr/programme-tv/programme/the-middle-f963691469,fig-tv-audience table
2026-05-26,France 2,Rendez-vous en terre inconnue,Magazine,1ère partie de soirée,,Mardi,2749000,Baisse,Non,Non,,"TF1 - Koh-Lanta (2 471 000) | France 3 - Alexandra Ehle (2 350 000) | M6 - Scènes de ménages (1 747 000) | Arte - Rideau de fer, l'occupation soviétique (610 000) | 6ter - Rush Hour (509 000)",Non,,,Documentaire / magazine,"21,7 %",1,https://tvmag.lefigaro.fr/programme-tv/actu-tele/audiences-rendez-vous-en-terre-inconnue-perd-des-telespectateurs-sur-france-2-20260527,2026-05-27,Oui,Audiences : «Rendez-vous en terre inconnue» perd des téléspectateurs sur France 2,https://tvmag.lefigaro.fr/programme-tv/programme/rendez-vous-en-terre-inconnue-f341830142,fig-tv-audience table
2026-05-26,TF1,Koh-Lanta,Divertissement,1ère partie de soirée,,Mardi,2471000,,Non,Non,,"France 2 - Rendez-vous en terre inconnue (2 749 000) | France 3 - Alexandra Ehle (2 350 000) | M6 - Scènes de ménages (1 747 000) | Arte - Rideau de fer, l'occupation soviétique (610 000) | 6ter - Rush Hour (509 000)",Non,,,Divertissement,"18,5 %",2,https://tvmag.lefigaro.fr/programme-tv/actu-tele/audiences-rendez-vous-en-terre-inconnue-perd-des-telespectateurs-sur-france-2-20260527,2026-05-27,Oui,Audiences : «Rendez-vous en terre inconnue» perd des téléspectateurs sur France 2,https://tvmag.lefigaro.fr/programme-tv/programme/koh-lanta-f927725529,fig-tv-audience table
2026-05-26,France 3,Alexandra Ehle,Série,1ère partie de soirée,,Mardi,2350000,,Non,Non,,"France 2 - Rendez-vous en terre inconnue (2 749 000) | TF1 - Koh-Lanta (2 471 000) | M6 - Scènes de ménages (1 747 000) | Arte - Rideau de fer, l'occupation soviétique (610 000) | 6ter - Rush Hour (509 000)",Non,,,Fiction,"18,0 %",3,https://tvmag.lefigaro.fr/programme-tv/actu-tele/audiences-rendez-vous-en-terre-inconnue-perd-des-telespectateurs-sur-france-2-20260527,2026-05-27,Oui,Audiences : «Rendez-vous en terre inconnue» perd des téléspectateurs sur France 2,https://tvmag.lefigaro.fr/programme-tv/programme/alexandra-ehle-f854543344,fig-tv-audience table
2026-05-26,M6,Scènes de ménages,Série,1ère partie de soirée,,Mardi,1747000,,Non,Non,,"France 2 - Rendez-vous en terre inconnue (2 749 000) | TF1 - Koh-Lanta (2 471 000) | France 3 - Alexandra Ehle (2 350 000) | Arte - Rideau de fer, l'occupation soviétique (610 000) | 6ter - Rush Hour (509 000)",Non,,,Fiction,"12,9 %",4,https://tvmag.lefigaro.fr/programme-tv/actu-tele/audiences-rendez-vous-en-terre-inconnue-perd-des-telespectateurs-sur-france-2-20260527,2026-05-27,Oui,Audiences : «Rendez-vous en terre inconnue» perd des téléspectateurs sur France 2,https://tvmag.lefigaro.fr/programme-tv/programme/scenes-de-menages-f269561899,fig-tv-audience table
2026-05-26,Arte,"Rideau de fer, l'occupation soviétique",Documentaire,1ère partie de soirée,,Mardi,610000,,Non,Non,,France 2 - Rendez-vous en terre inconnue (2 749 000) | TF1 - Koh-Lanta (2 471 000) | France 3 - Alexandra Ehle (2 350 000) | M6 - Scènes de ménages (1 747 000) | 6ter - Rush Hour (509 000),Non,,,Documentaire / magazine,"4,5 %",5,https://tvmag.lefigaro.fr/programme-tv/actu-tele/audiences-rendez-vous-en-terre-inconnue-perd-des-telespectateurs-sur-france-2-20260527,2026-05-27,Oui,Audiences : «Rendez-vous en terre inconnue» perd des téléspectateurs sur France 2,https://tvmag.lefigaro.fr/programme-tv/programme/rideau-de-fer-l-occupation-sovietique-f722798030,fig-tv-audience table
2026-05-26,6ter,Rush Hour,Film,1ère partie de soirée,,Mardi,509000,,Non,Non,,"France 2 - Rendez-vous en terre inconnue (2 749 000) | TF1 - Koh-Lanta (2 471 000) | France 3 - Alexandra Ehle (2 350 000) | M6 - Scènes de ménages (1 747 000) | Arte - Rideau de fer, l'occupation soviétique (610 000)",Non,,,Fiction,"4,0 %",6,https://tvmag.lefigaro.fr/programme-tv/actu-tele/audiences-rendez-vous-en-terre-inconnue-perd-des-telespectateurs-sur-france-2-20260527,2026-05-27,Oui,Audiences : «Rendez-vous en terre inconnue» perd des téléspectateurs sur France 2,https://tvmag.lefigaro.fr/programme-tv/programme/rush-hour-f1901295530,fig-tv-audience table
2026-05-26,France 5,Enquête de santé,Magazine,1ère partie de soirée,,Mardi,495000,,Non,Non,,"France 2 - Rendez-vous en terre inconnue (2 749 000) | TF1 - Koh-Lanta (2 471 000) | France 3 - Alexandra Ehle (2 350 000) | M6 - Scènes de ménages (1 747 000) | Arte - Rideau de fer, l'occupation soviétique (610 000)",Non,,,Documentaire / magazine,"3,6 %",7,https://tvmag.lefigaro.fr/programme-tv/actu-tele/audiences-rendez-vous-en-terre-inconnue-perd-des-telespectateurs-sur-france-2-20260527,2026-05-27,Oui,Audiences : «Rendez-vous en terre inconnue» perd des téléspectateurs sur France 2,https://tvmag.lefigaro.fr/programme-tv/programme/enquete-de-sante-f755883342,fig-tv-audience table
2026-05-26,TFX,Apprentis parents,Divertissement,1ère partie de soirée,,Mardi,326000,,Non,Non,,"France 2 - Rendez-vous en terre inconnue (2 749 000) | TF1 - Koh-Lanta (2 471 000) | France 3 - Alexandra Ehle (2 350 000) | M6 - Scènes de ménages (1 747 000) | Arte - Rideau de fer, l'occupation soviétique (610 000)",Non,,,Divertissement,"2,6 %",8,https://tvmag.lefigaro.fr/programme-tv/actu-tele/audiences-rendez-vous-en-terre-inconnue-perd-des-telespectateurs-sur-france-2-20260527,2026-05-27,Oui,Audiences : «Rendez-vous en terre inconnue» perd des téléspectateurs sur France 2,https://tvmag.lefigaro.fr/programme-tv/programme/apprentis-parents-f900514476,fig-tv-audience table
2026-05-26,TF1 Séries Films,Camping Paradis,Série,1ère partie de soirée,,Mardi,326000,,Non,Non,,"France 2 - Rendez-vous en terre inconnue (2 749 000) | TF1 - Koh-Lanta (2 471 000) | France 3 - Alexandra Ehle (2 350 000) | M6 - Scènes de ménages (1 747 000) | Arte - Rideau de fer, l'occupation soviétique (610 000)",Non,,,Fiction,"2,6 %",9,https://tvmag.lefigaro.fr/programme-tv/actu-tele/audiences-rendez-vous-en-terre-inconnue-perd-des-telespectateurs-sur-france-2-20260527,2026-05-27,Oui,Audiences : «Rendez-vous en terre inconnue» perd des téléspectateurs sur France 2,https://tvmag.lefigaro.fr/programme-tv/programme/camping-paradis-f49145643,fig-tv-audience table
2026-05-26,TMC,90' Enquêtes,Magazine,1ère partie de soirée,,Mardi,309000,,Non,Non,,"France 2 - Rendez-vous en terre inconnue (2 749 000) | TF1 - Koh-Lanta (2 471 000) | France 3 - Alexandra Ehle (2 350 000) | M6 - Scènes de ménages (1 747 000) | Arte - Rideau de fer, l'occupation soviétique (610 000)",Non,,,Documentaire / magazine,"2,4 %",10,https://tvmag.lefigaro.fr/programme-tv/actu-tele/audiences-rendez-vous-en-terre-inconnue-perd-des-telespectateurs-sur-france-2-20260527,2026-05-27,Oui,Audiences : «Rendez-vous en terre inconnue» perd des téléspectateurs sur France 2,https://tvmag.lefigaro.fr/programme-tv/programme/90-enquetes-f1007919977,fig-tv-audience table
2026-05-26,RMC Story,Superman Returns,Film,1ère partie de soirée,,Mardi,245000,,Non,Non,,"France 2 - Rendez-vous en terre inconnue (2 749 000) | TF1 - Koh-Lanta (2 471 000) | France 3 - Alexandra Ehle (2 350 000) | M6 - Scènes de ménages (1 747 000) | Arte - Rideau de fer, l'occupation soviétique (610 000)",Non,,,Fiction,"2,2 %",11,https://tvmag.lefigaro.fr/programme-tv/actu-tele/audiences-rendez-vous-en-terre-inconnue-perd-des-telespectateurs-sur-france-2-20260527,2026-05-27,Oui,Audiences : «Rendez-vous en terre inconnue» perd des téléspectateurs sur France 2,https://tvmag.lefigaro.fr/programme-tv/programme/superman-returns-f572294973,fig-tv-audience table
2026-05-26,RMC Découverte,Notre-Dame de Paris : les 10 secrets d'une cathédrale mythique,Documentaire,1ère partie de soirée,,Mardi,246000,,Non,Non,,"France 2 - Rendez-vous en terre inconnue (2 749 000) | TF1 - Koh-Lanta (2 471 000) | France 3 - Alexandra Ehle (2 350 000) | M6 - Scènes de ménages (1 747 000) | Arte - Rideau de fer, l'occupation soviétique (610 000)",Non,,,Documentaire / magazine,"1,9 %",12,https://tvmag.lefigaro.fr/programme-tv/actu-tele/audiences-rendez-vous-en-terre-inconnue-perd-des-telespectateurs-sur-france-2-20260527,2026-05-27,Oui,Audiences : «Rendez-vous en terre inconnue» perd des téléspectateurs sur France 2,https://tvmag.lefigaro.fr/programme-tv/programme/notre-dame-de-paris-les-10-secrets-d-une-cathedrale-mythique-f1705902409,fig-tv-audience table
2026-05-26,W9,Etat de choc,Magazine,1ère partie de soirée,,Mardi,186000,,Non,Non,,"France 2 - Rendez-vous en terre inconnue (2 749 000) | TF1 - Koh-Lanta (2 471 000) | France 3 - Alexandra Ehle (2 350 000) | M6 - Scènes de ménages (1 747 000) | Arte - Rideau de fer, l'occupation soviétique (610 000)",Non,,,Documentaire / magazine,"1,6 %",13,https://tvmag.lefigaro.fr/programme-tv/actu-tele/audiences-rendez-vous-en-terre-inconnue-perd-des-telespectateurs-sur-france-2-20260527,2026-05-27,Oui,Audiences : «Rendez-vous en terre inconnue» perd des téléspectateurs sur France 2,https://tvmag.lefigaro.fr/programme-tv/programme/etat-de-choc-f1311552307,fig-tv-audience table
2026-05-26,Gulli,Les Croods 2 : une nouvelle ère,Film,1ère partie de soirée,,Mardi,173000,,Non,Non,,"France 2 - Rendez-vous en terre inconnue (2 749 000) | TF1 - Koh-Lanta (2 471 000) | France 3 - Alexandra Ehle (2 350 000) | M6 - Scènes de ménages (1 747 000) | Arte - Rideau de fer, l'occupation soviétique (610 000)",Non,,,Fiction,"1,4 %",14,https://tvmag.lefigaro.fr/programme-tv/actu-tele/audiences-rendez-vous-en-terre-inconnue-perd-des-telespectateurs-sur-france-2-20260527,2026-05-27,Oui,Audiences : «Rendez-vous en terre inconnue» perd des téléspectateurs sur France 2,https://tvmag.lefigaro.fr/programme-tv/programme/les-croods-2-une-nouvelle-ere-f956451443,fig-tv-audience table
2026-05-26,Chérie 25,Castle,Série,1ère partie de soirée,,Mardi,151000,,Non,Non,,"France 2 - Rendez-vous en terre inconnue (2 749 000) | TF1 - Koh-Lanta (2 471 000) | France 3 - Alexandra Ehle (2 350 000) | M6 - Scènes de ménages (1 747 000) | Arte - Rideau de fer, l'occupation soviétique (610 000)",Non,,,Fiction,"1,1 %",15,https://tvmag.lefigaro.fr/programme-tv/actu-tele/audiences-rendez-vous-en-terre-inconnue-perd-des-telespectateurs-sur-france-2-20260527,2026-05-27,Oui,Audiences : «Rendez-vous en terre inconnue» perd des téléspectateurs sur France 2,https://tvmag.lefigaro.fr/programme-tv/programme/castle-f1382686476,fig-tv-audience table
2026-05-26,CSTAR,100 jours avec les pompiers,Documentaire,1ère partie de soirée,,Mardi,124000,,Non,Non,,"France 2 - Rendez-vous en terre inconnue (2 749 000) | TF1 - Koh-Lanta (2 471 000) | France 3 - Alexandra Ehle (2 350 000) | M6 - Scènes de ménages (1 747 000) | Arte - Rideau de fer, l'occupation soviétique (610 000)",Non,,,Documentaire / magazine,"1,0 %",16,https://tvmag.lefigaro.fr/programme-tv/actu-tele/audiences-rendez-vous-en-terre-inconnue-perd-des-telespectateurs-sur-france-2-20260527,2026-05-27,Oui,Audiences : «Rendez-vous en terre inconnue» perd des téléspectateurs sur France 2,https://tvmag.lefigaro.fr/programme-tv/programme/100-jours-avec-les-pompiers-f1586587827,fig-tv-audience table
2026-05-25,TF1,L'été 36,Série,1ère partie de soirée,,Lundi,3586000,,Non,Oui,,France 2 - Meurtres au paradis (2 573 000) | M6 - Mariés au premier regard (1 750 000) | France 3 - Délicieux (1 304 000) | W9 - Independence Day (766 000) | Arte - Ascenseur pour l'échafaud (791 000),Non,,,Fiction,"24,6 %",1,https://tvmag.lefigaro.fr/programme-tv/audiences-tv/audiences-l-ete-36-perd-plus-d-un-million-de-telespectateurs-en-une-semaine-20260526,2026-05-26,Oui,Audiences : L’Été 36 perd plus d’un million de téléspectateurs en une semaine,https://tvmag.lefigaro.fr/programme-tv/programme/l-ete-36-f1961629854,fig-tv-audience table
2026-05-25,France 2,Meurtres au paradis,Série,1ère partie de soirée,,Lundi,2573000,,Non,Oui,,TF1 - L'été 36 (3 586 000) | M6 - Mariés au premier regard (1 750 000) | France 3 - Délicieux (1 304 000) | W9 - Independence Day (766 000) | Arte - Ascenseur pour l'échafaud (791 000),Non,,,Fiction,"17,8 %",2,https://tvmag.lefigaro.fr/programme-tv/audiences-tv/audiences-l-ete-36-perd-plus-d-un-million-de-telespectateurs-en-une-semaine-20260526,2026-05-26,Oui,Audiences : L’Été 36 perd plus d’un million de téléspectateurs en une semaine,https://tvmag.lefigaro.fr/programme-tv/programme/meurtres-au-paradis-f1947765164,fig-tv-audience table
2026-05-25,M6,Mariés au premier regard,Divertissement,1ère partie de soirée,,Lundi,1750000,,Non,Oui,,TF1 - L'été 36 (3 586 000) | France 2 - Meurtres au paradis (2 573 000) | France 3 - Délicieux (1 304 000) | W9 - Independence Day (766 000) | Arte - Ascenseur pour l'échafaud (791 000),Non,,,Divertissement,"12,0 %",3,https://tvmag.lefigaro.fr/programme-tv/audiences-tv/audiences-l-ete-36-perd-plus-d-un-million-de-telespectateurs-en-une-semaine-20260526,2026-05-26,Oui,Audiences : L’Été 36 perd plus d’un million de téléspectateurs en une semaine,https://tvmag.lefigaro.fr/programme-tv/programme/maries-au-premier-regard-f539153734,fig-tv-audience table
2026-05-25,France 3,Délicieux,Film,1ère partie de soirée,,Lundi,1304000,Rediffusion,Non,Oui,,TF1 - L'été 36 (3 586 000) | France 2 - Meurtres au paradis (2 573 000) | M6 - Mariés au premier regard (1 750 000) | W9 - Independence Day (766 000) | Arte - Ascenseur pour l'échafaud (791 000),Non,,,Fiction,"9,8 %",4,https://tvmag.lefigaro.fr/programme-tv/audiences-tv/audiences-l-ete-36-perd-plus-d-un-million-de-telespectateurs-en-une-semaine-20260526,2026-05-26,Oui,Audiences : L’Été 36 perd plus d’un million de téléspectateurs en une semaine,https://tvmag.lefigaro.fr/programme-tv/programme/delicieux-f188543537,fig-tv-audience table
2026-05-25,W9,Independence Day,Film,1ère partie de soirée,,Lundi,766000,Rediffusion,Non,Oui,,TF1 - L'été 36 (3 586 000) | France 2 - Meurtres au paradis (2 573 000) | M6 - Mariés au premier regard (1 750 000) | France 3 - Délicieux (1 304 000) | Arte - Ascenseur pour l'échafaud (791 000),Non,,,Fiction,"7,1 %",5,https://tvmag.lefigaro.fr/programme-tv/audiences-tv/audiences-l-ete-36-perd-plus-d-un-million-de-telespectateurs-en-une-semaine-20260526,2026-05-26,Oui,Audiences : L’Été 36 perd plus d’un million de téléspectateurs en une semaine,https://tvmag.lefigaro.fr/programme-tv/programme/independence-day-f1696940669,fig-tv-audience table
2026-05-25,Arte,Ascenseur pour l'échafaud,Film,1ère partie de soirée,,Lundi,791000,,Non,Oui,,TF1 - L'été 36 (3 586 000) | France 2 - Meurtres au paradis (2 573 000) | M6 - Mariés au premier regard (1 750 000) | France 3 - Délicieux (1 304 000) | W9 - Independence Day (766 000),Non,,,Fiction,"5,7 %",6,https://tvmag.lefigaro.fr/programme-tv/audiences-tv/audiences-l-ete-36-perd-plus-d-un-million-de-telespectateurs-en-une-semaine-20260526,2026-05-26,Oui,Audiences : L’Été 36 perd plus d’un million de téléspectateurs en une semaine,https://tvmag.lefigaro.fr/programme-tv/programme/ascenseur-pour-l-echafaud-f802877981,fig-tv-audience table
2026-05-25,TMC,Ready Player One,Film,1ère partie de soirée,,Lundi,588000,,Non,Oui,,TF1 - L'été 36 (3 586 000) | France 2 - Meurtres au paradis (2 573 000) | M6 - Mariés au premier regard (1 750 000) | France 3 - Délicieux (1 304 000) | W9 - Independence Day (766 000),Non,,,Fiction,"5,4 %",7,https://tvmag.lefigaro.fr/programme-tv/audiences-tv/audiences-l-ete-36-perd-plus-d-un-million-de-telespectateurs-en-une-semaine-20260526,2026-05-26,Oui,Audiences : L’Été 36 perd plus d’un million de téléspectateurs en une semaine,https://tvmag.lefigaro.fr/programme-tv/programme/ready-player-one-f1042404959,fig-tv-audience table
2026-05-25,France 5,Sur le front,Documentaire,1ère partie de soirée,,Lundi,599000,,Non,Oui,,TF1 - L'été 36 (3 586 000) | France 2 - Meurtres au paradis (2 573 000) | M6 - Mariés au premier regard (1 750 000) | France 3 - Délicieux (1 304 000) | W9 - Independence Day (766 000),Non,,,Documentaire / magazine,"4,1 %",8,https://tvmag.lefigaro.fr/programme-tv/audiences-tv/audiences-l-ete-36-perd-plus-d-un-million-de-telespectateurs-en-une-semaine-20260526,2026-05-26,Oui,Audiences : L’Été 36 perd plus d’un million de téléspectateurs en une semaine,https://tvmag.lefigaro.fr/programme-tv/programme/sur-le-front-f360391877,fig-tv-audience table
2026-05-25,TF1 Séries Films,La mémoire dans la peau,Film,1ère partie de soirée,,Lundi,480000,,Non,Oui,,TF1 - L'été 36 (3 586 000) | France 2 - Meurtres au paradis (2 573 000) | M6 - Mariés au premier regard (1 750 000) | France 3 - Délicieux (1 304 000) | W9 - Independence Day (766 000),Non,,,Fiction,"3,7 %",9,https://tvmag.lefigaro.fr/programme-tv/audiences-tv/audiences-l-ete-36-perd-plus-d-un-million-de-telespectateurs-en-une-semaine-20260526,2026-05-26,Oui,Audiences : L’Été 36 perd plus d’un million de téléspectateurs en une semaine,https://tvmag.lefigaro.fr/programme-tv/programme/la-memoire-dans-la-peau-f1668148335,fig-tv-audience table
2026-05-25,Chérie 25,Faites entrer l'accusé,Magazine,1ère partie de soirée,,Lundi,297000,,Non,Oui,,TF1 - L'été 36 (3 586 000) | France 2 - Meurtres au paradis (2 573 000) | M6 - Mariés au premier regard (1 750 000) | France 3 - Délicieux (1 304 000) | W9 - Independence Day (766 000),Non,,,Documentaire / magazine,"2,2 %",10,https://tvmag.lefigaro.fr/programme-tv/audiences-tv/audiences-l-ete-36-perd-plus-d-un-million-de-telespectateurs-en-une-semaine-20260526,2026-05-26,Oui,Audiences : L’Été 36 perd plus d’un million de téléspectateurs en une semaine,https://tvmag.lefigaro.fr/programme-tv/programme/faites-entrer-l-accuse-f1795153873,fig-tv-audience table
2026-05-25,TFX,Appels d'urgence,Magazine,1ère partie de soirée,,Lundi,220000,,Non,Oui,,TF1 - L'été 36 (3 586 000) | France 2 - Meurtres au paradis (2 573 000) | M6 - Mariés au premier regard (1 750 000) | France 3 - Délicieux (1 304 000) | W9 - Independence Day (766 000),Non,,,Documentaire / magazine,"1,5 %",11,https://tvmag.lefigaro.fr/programme-tv/audiences-tv/audiences-l-ete-36-perd-plus-d-un-million-de-telespectateurs-en-une-semaine-20260526,2026-05-26,Oui,Audiences : L’Été 36 perd plus d’un million de téléspectateurs en une semaine,https://tvmag.lefigaro.fr/programme-tv/programme/appels-d-urgence-f139348511,fig-tv-audience table
2026-05-25,6ter,Kaamelott,Film,1ère partie de soirée,,Lundi,206000,,Non,Oui,,TF1 - L'été 36 (3 586 000) | France 2 - Meurtres au paradis (2 573 000) | M6 - Mariés au premier regard (1 750 000) | France 3 - Délicieux (1 304 000) | W9 - Independence Day (766 000),Non,,,Fiction,"1,5 %",12,https://tvmag.lefigaro.fr/programme-tv/audiences-tv/audiences-l-ete-36-perd-plus-d-un-million-de-telespectateurs-en-une-semaine-20260526,2026-05-26,Oui,Audiences : L’Été 36 perd plus d’un million de téléspectateurs en une semaine,https://tvmag.lefigaro.fr/programme-tv/programme/kaamelott-f358874431,fig-tv-audience table
2026-05-25,CSTAR,Chicago Fire,Série,1ère partie de soirée,,Lundi,200000,,Non,Oui,,TF1 - L'été 36 (3 586 000) | France 2 - Meurtres au paradis (2 573 000) | M6 - Mariés au premier regard (1 750 000) | France 3 - Délicieux (1 304 000) | W9 - Independence Day (766 000),Non,,,Fiction,"1,4 %",13,https://tvmag.lefigaro.fr/programme-tv/audiences-tv/audiences-l-ete-36-perd-plus-d-un-million-de-telespectateurs-en-une-semaine-20260526,2026-05-26,Oui,Audiences : L’Été 36 perd plus d’un million de téléspectateurs en une semaine,https://tvmag.lefigaro.fr/programme-tv/programme/chicago-fire-f1438824583,fig-tv-audience table
2026-05-25,RMC Découverte,Tunnel sous la Manche : les secrets du plus long tunnel sous marin,Documentaire,1ère partie de soirée,,Lundi,185000,,Non,Oui,,TF1 - L'été 36 (3 586 000) | France 2 - Meurtres au paradis (2 573 000) | M6 - Mariés au premier regard (1 750 000) | France 3 - Délicieux (1 304 000) | W9 - Independence Day (766 000),Non,,,Documentaire / magazine,"1,3 %",14,https://tvmag.lefigaro.fr/programme-tv/audiences-tv/audiences-l-ete-36-perd-plus-d-un-million-de-telespectateurs-en-une-semaine-20260526,2026-05-26,Oui,Audiences : L’Été 36 perd plus d’un million de téléspectateurs en une semaine,https://tvmag.lefigaro.fr/programme-tv/programme/tunnel-sous-la-manche-les-secrets-du-plus-long-tunnel-sous-marin-f1315056653,fig-tv-audience table
2026-05-25,RMC Story,Lucifer,Série,1ère partie de soirée,,Lundi,179000,,Non,Oui,,TF1 - L'été 36 (3 586 000) | France 2 - Meurtres au paradis (2 573 000) | M6 - Mariés au premier regard (1 750 000) | France 3 - Délicieux (1 304 000) | W9 - Independence Day (766 000),Non,,,Fiction,"1,2 %",15,https://tvmag.lefigaro.fr/programme-tv/audiences-tv/audiences-l-ete-36-perd-plus-d-un-million-de-telespectateurs-en-une-semaine-20260526,2026-05-26,Oui,Audiences : L’Été 36 perd plus d’un million de téléspectateurs en une semaine,https://tvmag.lefigaro.fr/programme-tv/programme/lucifer-f2011288283,fig-tv-audience table
2026-05-25,Gulli,Les parcs d'attractions préférés des Français,Documentaire,1ère partie de soirée,,Lundi,83000,,Non,Oui,,TF1 - L'été 36 (3 586 000) | France 2 - Meurtres au paradis (2 573 000) | M6 - Mariés au premier regard (1 750 000) | France 3 - Délicieux (1 304 000) | W9 - Independence Day (766 000),Non,,,Documentaire / magazine,"0,6 %",16,https://tvmag.lefigaro.fr/programme-tv/audiences-tv/audiences-l-ete-36-perd-plus-d-un-million-de-telespectateurs-en-une-semaine-20260526,2026-05-26,Oui,Audiences : L’Été 36 perd plus d’un million de téléspectateurs en une semaine,https://tvmag.lefigaro.fr/programme-tv/programme/les-parcs-d-attractions-preferes-des-francais-f1714547695,fig-tv-audience table